"date","n","total","ratio","mot","url","resolution","corpus","langue","bibli","search_mode"
"1789",4808,8459693,0.000568342137238313,"liberté","https://gallica.bnf.fr/services/engine/search/sru?operation=searchRetrieve&exactSearch=true&maximumRecords=20&startRecord=0&collapsing=false&version=1.2&query=(dc.language%20all%20%22fre%22)%20and%20(text%20adj%20%22liberté%22%20)%20%20and%20(dc.type%20all%20%22fascicule%22)%20and%20(ocr.quality%20all%20%22Texte%20disponible%22)%20and%20(gallicapublication_date%3E=%221789%22%20and%20gallicapublication_date%3C=%221789%22)&suggest=10&keywords=liberté","Année","Presse","Français","Gallica","N-gramme"
"1790",9409,14441429,0.000651528321747107,"liberté","https://gallica.bnf.fr/services/engine/search/sru?operation=searchRetrieve&exactSearch=true&maximumRecords=20&startRecord=0&collapsing=false&version=1.2&query=(dc.language%20all%20%22fre%22)%20and%20(text%20adj%20%22liberté%22%20)%20%20and%20(dc.type%20all%20%22fascicule%22)%20and%20(ocr.quality%20all%20%22Texte%20disponible%22)%20and%20(gallicapublication_date%3E=%221790%22%20and%20gallicapublication_date%3C=%221790%22)&suggest=10&keywords=liberté","Année","Presse","Français","Gallica","N-gramme"
"1791",18233,25584215,0.000712665993465111,"liberté","https://gallica.bnf.fr/services/engine/search/sru?operation=searchRetrieve&exactSearch=true&maximumRecords=20&startRecord=0&collapsing=false&version=1.2&query=(dc.language%20all%20%22fre%22)%20and%20(text%20adj%20%22liberté%22%20)%20%20and%20(dc.type%20all%20%22fascicule%22)%20and%20(ocr.quality%20all%20%22Texte%20disponible%22)%20and%20(gallicapublication_date%3E=%221791%22%20and%20gallicapublication_date%3C=%221791%22)&suggest=10&keywords=liberté","Année","Presse","Français","Gallica","N-gramme"
"1792",21823,23444233,0.000930847257830956,"liberté","https://gallica.bnf.fr/services/engine/search/sru?operation=searchRetrieve&exactSearch=true&maximumRecords=20&startRecord=0&collapsing=false&version=1.2&query=(dc.language%20all%20%22fre%22)%20and%20(text%20adj%20%22liberté%22%20)%20%20and%20(dc.type%20all%20%22fascicule%22)%20and%20(ocr.quality%20all%20%22Texte%20disponible%22)%20and%20(gallicapublication_date%3E=%221792%22%20and%20gallicapublication_date%3C=%221792%22)&suggest=10&keywords=liberté","Année","Presse","Français","Gallica","N-gramme"
"1793",22798,23189202,0.000983129993002778,"liberté","https://gallica.bnf.fr/services/engine/search/sru?operation=searchRetrieve&exactSearch=true&maximumRecords=20&startRecord=0&collapsing=false&version=1.2&query=(dc.language%20all%20%22fre%22)%20and%20(text%20adj%20%22liberté%22%20)%20%20and%20(dc.type%20all%20%22fascicule%22)%20and%20(ocr.quality%20all%20%22Texte%20disponible%22)%20and%20(gallicapublication_date%3E=%221793%22%20and%20gallicapublication_date%3C=%221793%22)&suggest=10&keywords=liberté","Année","Presse","Français","Gallica","N-gramme"
"1794",24202,20380661,0.00118749828575236,"liberté","https://gallica.bnf.fr/services/engine/search/sru?operation=searchRetrieve&exactSearch=true&maximumRecords=20&startRecord=0&collapsing=false&version=1.2&query=(dc.language%20all%20%22fre%22)%20and%20(text%20adj%20%22liberté%22%20)%20%20and%20(dc.type%20all%20%22fascicule%22)%20and%20(ocr.quality%20all%20%22Texte%20disponible%22)%20and%20(gallicapublication_date%3E=%221794%22%20and%20gallicapublication_date%3C=%221794%22)&suggest=10&keywords=liberté","Année","Presse","Français","Gallica","N-gramme"
"1795",10147,15320871,0.000662299160406742,"liberté","https://gallica.bnf.fr/services/engine/search/sru?operation=searchRetrieve&exactSearch=true&maximumRecords=20&startRecord=0&collapsing=false&version=1.2&query=(dc.language%20all%20%22fre%22)%20and%20(text%20adj%20%22liberté%22%20)%20%20and%20(dc.type%20all%20%22fascicule%22)%20and%20(ocr.quality%20all%20%22Texte%20disponible%22)%20and%20(gallicapublication_date%3E=%221795%22%20and%20gallicapublication_date%3C=%221795%22)&suggest=10&keywords=liberté","Année","Presse","Français","Gallica","N-gramme"
"1796",9275,17933586,0.00051718602180289,"liberté","https://gallica.bnf.fr/services/engine/search/sru?operation=searchRetrieve&exactSearch=true&maximumRecords=20&startRecord=0&collapsing=false&version=1.2&query=(dc.language%20all%20%22fre%22)%20and%20(text%20adj%20%22liberté%22%20)%20%20and%20(dc.type%20all%20%22fascicule%22)%20and%20(ocr.quality%20all%20%22Texte%20disponible%22)%20and%20(gallicapublication_date%3E=%221796%22%20and%20gallicapublication_date%3C=%221796%22)&suggest=10&keywords=liberté","Année","Presse","Français","Gallica","N-gramme"
"1797",12271,20471405,0.000599421485726065,"liberté","https://gallica.bnf.fr/services/engine/search/sru?operation=searchRetrieve&exactSearch=true&maximumRecords=20&startRecord=0&collapsing=false&version=1.2&query=(dc.language%20all%20%22fre%22)%20and%20(text%20adj%20%22liberté%22%20)%20%20and%20(dc.type%20all%20%22fascicule%22)%20and%20(ocr.quality%20all%20%22Texte%20disponible%22)%20and%20(gallicapublication_date%3E=%221797%22%20and%20gallicapublication_date%3C=%221797%22)&suggest=10&keywords=liberté","Année","Presse","Français","Gallica","N-gramme"
"1798",10808,20479823,0.000527738936024984,"liberté","https://gallica.bnf.fr/services/engine/search/sru?operation=searchRetrieve&exactSearch=true&maximumRecords=20&startRecord=0&collapsing=false&version=1.2&query=(dc.language%20all%20%22fre%22)%20and%20(text%20adj%20%22liberté%22%20)%20%20and%20(dc.type%20all%20%22fascicule%22)%20and%20(ocr.quality%20all%20%22Texte%20disponible%22)%20and%20(gallicapublication_date%3E=%221798%22%20and%20gallicapublication_date%3C=%221798%22)&suggest=10&keywords=liberté","Année","Presse","Français","Gallica","N-gramme"
"1799",8627,16025362,0.000538334173043954,"liberté","https://gallica.bnf.fr/services/engine/search/sru?operation=searchRetrieve&exactSearch=true&maximumRecords=20&startRecord=0&collapsing=false&version=1.2&query=(dc.language%20all%20%22fre%22)%20and%20(text%20adj%20%22liberté%22%20)%20%20and%20(dc.type%20all%20%22fascicule%22)%20and%20(ocr.quality%20all%20%22Texte%20disponible%22)%20and%20(gallicapublication_date%3E=%221799%22%20and%20gallicapublication_date%3C=%221799%22)&suggest=10&keywords=liberté","Année","Presse","Français","Gallica","N-gramme"
"1800",3545,13240275,0.000267743683571527,"liberté","https://gallica.bnf.fr/services/engine/search/sru?operation=searchRetrieve&exactSearch=true&maximumRecords=20&startRecord=0&collapsing=false&version=1.2&query=(dc.language%20all%20%22fre%22)%20and%20(text%20adj%20%22liberté%22%20)%20%20and%20(dc.type%20all%20%22fascicule%22)%20and%20(ocr.quality%20all%20%22Texte%20disponible%22)%20and%20(gallicapublication_date%3E=%221800%22%20and%20gallicapublication_date%3C=%221800%22)&suggest=10&keywords=liberté","Année","Presse","Français","Gallica","N-gramme"
"1801",2723,14802709,0.000183952815663673,"liberté","https://gallica.bnf.fr/services/engine/search/sru?operation=searchRetrieve&exactSearch=true&maximumRecords=20&startRecord=0&collapsing=false&version=1.2&query=(dc.language%20all%20%22fre%22)%20and%20(text%20adj%20%22liberté%22%20)%20%20and%20(dc.type%20all%20%22fascicule%22)%20and%20(ocr.quality%20all%20%22Texte%20disponible%22)%20and%20(gallicapublication_date%3E=%221801%22%20and%20gallicapublication_date%3C=%221801%22)&suggest=10&keywords=liberté","Année","Presse","Français","Gallica","N-gramme"
"1802",2994,17998902,0.000166343480285631,"liberté","https://gallica.bnf.fr/services/engine/search/sru?operation=searchRetrieve&exactSearch=true&maximumRecords=20&startRecord=0&collapsing=false&version=1.2&query=(dc.language%20all%20%22fre%22)%20and%20(text%20adj%20%22liberté%22%20)%20%20and%20(dc.type%20all%20%22fascicule%22)%20and%20(ocr.quality%20all%20%22Texte%20disponible%22)%20and%20(gallicapublication_date%3E=%221802%22%20and%20gallicapublication_date%3C=%221802%22)&suggest=10&keywords=liberté","Année","Presse","Français","Gallica","N-gramme"
"1803",2104,16722086,0.000125821622972158,"liberté","https://gallica.bnf.fr/services/engine/search/sru?operation=searchRetrieve&exactSearch=true&maximumRecords=20&startRecord=0&collapsing=false&version=1.2&query=(dc.language%20all%20%22fre%22)%20and%20(text%20adj%20%22liberté%22%20)%20%20and%20(dc.type%20all%20%22fascicule%22)%20and%20(ocr.quality%20all%20%22Texte%20disponible%22)%20and%20(gallicapublication_date%3E=%221803%22%20and%20gallicapublication_date%3C=%221803%22)&suggest=10&keywords=liberté","Année","Presse","Français","Gallica","N-gramme"
"1804",2524,17979646,0.000140380961894355,"liberté","https://gallica.bnf.fr/services/engine/search/sru?operation=searchRetrieve&exactSearch=true&maximumRecords=20&startRecord=0&collapsing=false&version=1.2&query=(dc.language%20all%20%22fre%22)%20and%20(text%20adj%20%22liberté%22%20)%20%20and%20(dc.type%20all%20%22fascicule%22)%20and%20(ocr.quality%20all%20%22Texte%20disponible%22)%20and%20(gallicapublication_date%3E=%221804%22%20and%20gallicapublication_date%3C=%221804%22)&suggest=10&keywords=liberté","Année","Presse","Français","Gallica","N-gramme"
"1805",1243,15753420,7.89035015888613e-05,"liberté","https://gallica.bnf.fr/services/engine/search/sru?operation=searchRetrieve&exactSearch=true&maximumRecords=20&startRecord=0&collapsing=false&version=1.2&query=(dc.language%20all%20%22fre%22)%20and%20(text%20adj%20%22liberté%22%20)%20%20and%20(dc.type%20all%20%22fascicule%22)%20and%20(ocr.quality%20all%20%22Texte%20disponible%22)%20and%20(gallicapublication_date%3E=%221805%22%20and%20gallicapublication_date%3C=%221805%22)&suggest=10&keywords=liberté","Année","Presse","Français","Gallica","N-gramme"
"1806",1340,16199677,8.27176986306579e-05,"liberté","https://gallica.bnf.fr/services/engine/search/sru?operation=searchRetrieve&exactSearch=true&maximumRecords=20&startRecord=0&collapsing=false&version=1.2&query=(dc.language%20all%20%22fre%22)%20and%20(text%20adj%20%22liberté%22%20)%20%20and%20(dc.type%20all%20%22fascicule%22)%20and%20(ocr.quality%20all%20%22Texte%20disponible%22)%20and%20(gallicapublication_date%3E=%221806%22%20and%20gallicapublication_date%3C=%221806%22)&suggest=10&keywords=liberté","Année","Presse","Français","Gallica","N-gramme"
"1807",1318,16274391,8.09861333674483e-05,"liberté","https://gallica.bnf.fr/services/engine/search/sru?operation=searchRetrieve&exactSearch=true&maximumRecords=20&startRecord=0&collapsing=false&version=1.2&query=(dc.language%20all%20%22fre%22)%20and%20(text%20adj%20%22liberté%22%20)%20%20and%20(dc.type%20all%20%22fascicule%22)%20and%20(ocr.quality%20all%20%22Texte%20disponible%22)%20and%20(gallicapublication_date%3E=%221807%22%20and%20gallicapublication_date%3C=%221807%22)&suggest=10&keywords=liberté","Année","Presse","Français","Gallica","N-gramme"
"1808",1161,13923111,8.33865362417925e-05,"liberté","https://gallica.bnf.fr/services/engine/search/sru?operation=searchRetrieve&exactSearch=true&maximumRecords=20&startRecord=0&collapsing=false&version=1.2&query=(dc.language%20all%20%22fre%22)%20and%20(text%20adj%20%22liberté%22%20)%20%20and%20(dc.type%20all%20%22fascicule%22)%20and%20(ocr.quality%20all%20%22Texte%20disponible%22)%20and%20(gallicapublication_date%3E=%221808%22%20and%20gallicapublication_date%3C=%221808%22)&suggest=10&keywords=liberté","Année","Presse","Français","Gallica","N-gramme"
"1809",1117,15860645,7.04258874717894e-05,"liberté","https://gallica.bnf.fr/services/engine/search/sru?operation=searchRetrieve&exactSearch=true&maximumRecords=20&startRecord=0&collapsing=false&version=1.2&query=(dc.language%20all%20%22fre%22)%20and%20(text%20adj%20%22liberté%22%20)%20%20and%20(dc.type%20all%20%22fascicule%22)%20and%20(ocr.quality%20all%20%22Texte%20disponible%22)%20and%20(gallicapublication_date%3E=%221809%22%20and%20gallicapublication_date%3C=%221809%22)&suggest=10&keywords=liberté","Année","Presse","Français","Gallica","N-gramme"
"1810",1118,15274487,7.31939475283196e-05,"liberté","https://gallica.bnf.fr/services/engine/search/sru?operation=searchRetrieve&exactSearch=true&maximumRecords=20&startRecord=0&collapsing=false&version=1.2&query=(dc.language%20all%20%22fre%22)%20and%20(text%20adj%20%22liberté%22%20)%20%20and%20(dc.type%20all%20%22fascicule%22)%20and%20(ocr.quality%20all%20%22Texte%20disponible%22)%20and%20(gallicapublication_date%3E=%221810%22%20and%20gallicapublication_date%3C=%221810%22)&suggest=10&keywords=liberté","Année","Presse","Français","Gallica","N-gramme"
"1811",856,14379227,5.95303210666331e-05,"liberté","https://gallica.bnf.fr/services/engine/search/sru?operation=searchRetrieve&exactSearch=true&maximumRecords=20&startRecord=0&collapsing=false&version=1.2&query=(dc.language%20all%20%22fre%22)%20and%20(text%20adj%20%22liberté%22%20)%20%20and%20(dc.type%20all%20%22fascicule%22)%20and%20(ocr.quality%20all%20%22Texte%20disponible%22)%20and%20(gallicapublication_date%3E=%221811%22%20and%20gallicapublication_date%3C=%221811%22)&suggest=10&keywords=liberté","Année","Presse","Français","Gallica","N-gramme"
"1812",1010,13343552,7.56919896591252e-05,"liberté","https://gallica.bnf.fr/services/engine/search/sru?operation=searchRetrieve&exactSearch=true&maximumRecords=20&startRecord=0&collapsing=false&version=1.2&query=(dc.language%20all%20%22fre%22)%20and%20(text%20adj%20%22liberté%22%20)%20%20and%20(dc.type%20all%20%22fascicule%22)%20and%20(ocr.quality%20all%20%22Texte%20disponible%22)%20and%20(gallicapublication_date%3E=%221812%22%20and%20gallicapublication_date%3C=%221812%22)&suggest=10&keywords=liberté","Année","Presse","Français","Gallica","N-gramme"
"1813",706,13466995,5.24244644035288e-05,"liberté","https://gallica.bnf.fr/services/engine/search/sru?operation=searchRetrieve&exactSearch=true&maximumRecords=20&startRecord=0&collapsing=false&version=1.2&query=(dc.language%20all%20%22fre%22)%20and%20(text%20adj%20%22liberté%22%20)%20%20and%20(dc.type%20all%20%22fascicule%22)%20and%20(ocr.quality%20all%20%22Texte%20disponible%22)%20and%20(gallicapublication_date%3E=%221813%22%20and%20gallicapublication_date%3C=%221813%22)&suggest=10&keywords=liberté","Année","Presse","Français","Gallica","N-gramme"
"1814",3583,12837262,0.000279109361482223,"liberté","https://gallica.bnf.fr/services/engine/search/sru?operation=searchRetrieve&exactSearch=true&maximumRecords=20&startRecord=0&collapsing=false&version=1.2&query=(dc.language%20all%20%22fre%22)%20and%20(text%20adj%20%22liberté%22%20)%20%20and%20(dc.type%20all%20%22fascicule%22)%20and%20(ocr.quality%20all%20%22Texte%20disponible%22)%20and%20(gallicapublication_date%3E=%221814%22%20and%20gallicapublication_date%3C=%221814%22)&suggest=10&keywords=liberté","Année","Presse","Français","Gallica","N-gramme"
"1815",3948,14107728,0.000279846620235377,"liberté","https://gallica.bnf.fr/services/engine/search/sru?operation=searchRetrieve&exactSearch=true&maximumRecords=20&startRecord=0&collapsing=false&version=1.2&query=(dc.language%20all%20%22fre%22)%20and%20(text%20adj%20%22liberté%22%20)%20%20and%20(dc.type%20all%20%22fascicule%22)%20and%20(ocr.quality%20all%20%22Texte%20disponible%22)%20and%20(gallicapublication_date%3E=%221815%22%20and%20gallicapublication_date%3C=%221815%22)&suggest=10&keywords=liberté","Année","Presse","Français","Gallica","N-gramme"
"1816",2602,15692881,0.000165807667820842,"liberté","https://gallica.bnf.fr/services/engine/search/sru?operation=searchRetrieve&exactSearch=true&maximumRecords=20&startRecord=0&collapsing=false&version=1.2&query=(dc.language%20all%20%22fre%22)%20and%20(text%20adj%20%22liberté%22%20)%20%20and%20(dc.type%20all%20%22fascicule%22)%20and%20(ocr.quality%20all%20%22Texte%20disponible%22)%20and%20(gallicapublication_date%3E=%221816%22%20and%20gallicapublication_date%3C=%221816%22)&suggest=10&keywords=liberté","Année","Presse","Français","Gallica","N-gramme"
"1817",4940,15512112,0.000318460825966187,"liberté","https://gallica.bnf.fr/services/engine/search/sru?operation=searchRetrieve&exactSearch=true&maximumRecords=20&startRecord=0&collapsing=false&version=1.2&query=(dc.language%20all%20%22fre%22)%20and%20(text%20adj%20%22liberté%22%20)%20%20and%20(dc.type%20all%20%22fascicule%22)%20and%20(ocr.quality%20all%20%22Texte%20disponible%22)%20and%20(gallicapublication_date%3E=%221817%22%20and%20gallicapublication_date%3C=%221817%22)&suggest=10&keywords=liberté","Année","Presse","Français","Gallica","N-gramme"
"1818",4466,17315521,0.000257918892535778,"liberté","https://gallica.bnf.fr/services/engine/search/sru?operation=searchRetrieve&exactSearch=true&maximumRecords=20&startRecord=0&collapsing=false&version=1.2&query=(dc.language%20all%20%22fre%22)%20and%20(text%20adj%20%22liberté%22%20)%20%20and%20(dc.type%20all%20%22fascicule%22)%20and%20(ocr.quality%20all%20%22Texte%20disponible%22)%20and%20(gallicapublication_date%3E=%221818%22%20and%20gallicapublication_date%3C=%221818%22)&suggest=10&keywords=liberté","Année","Presse","Français","Gallica","N-gramme"
"1819",9722,23124376,0.00042042215539135,"liberté","https://gallica.bnf.fr/services/engine/search/sru?operation=searchRetrieve&exactSearch=true&maximumRecords=20&startRecord=0&collapsing=false&version=1.2&query=(dc.language%20all%20%22fre%22)%20and%20(text%20adj%20%22liberté%22%20)%20%20and%20(dc.type%20all%20%22fascicule%22)%20and%20(ocr.quality%20all%20%22Texte%20disponible%22)%20and%20(gallicapublication_date%3E=%221819%22%20and%20gallicapublication_date%3C=%221819%22)&suggest=10&keywords=liberté","Année","Presse","Français","Gallica","N-gramme"
"1820",11207,29558957,0.000379140576577178,"liberté","https://gallica.bnf.fr/services/engine/search/sru?operation=searchRetrieve&exactSearch=true&maximumRecords=20&startRecord=0&collapsing=false&version=1.2&query=(dc.language%20all%20%22fre%22)%20and%20(text%20adj%20%22liberté%22%20)%20%20and%20(dc.type%20all%20%22fascicule%22)%20and%20(ocr.quality%20all%20%22Texte%20disponible%22)%20and%20(gallicapublication_date%3E=%221820%22%20and%20gallicapublication_date%3C=%221820%22)&suggest=10&keywords=liberté","Année","Presse","Français","Gallica","N-gramme"
"1821",10114,35540924,0.000284573355492952,"liberté","https://gallica.bnf.fr/services/engine/search/sru?operation=searchRetrieve&exactSearch=true&maximumRecords=20&startRecord=0&collapsing=false&version=1.2&query=(dc.language%20all%20%22fre%22)%20and%20(text%20adj%20%22liberté%22%20)%20%20and%20(dc.type%20all%20%22fascicule%22)%20and%20(ocr.quality%20all%20%22Texte%20disponible%22)%20and%20(gallicapublication_date%3E=%221821%22%20and%20gallicapublication_date%3C=%221821%22)&suggest=10&keywords=liberté","Année","Presse","Français","Gallica","N-gramme"
"1822",12401,38408882,0.000322868028285749,"liberté","https://gallica.bnf.fr/services/engine/search/sru?operation=searchRetrieve&exactSearch=true&maximumRecords=20&startRecord=0&collapsing=false&version=1.2&query=(dc.language%20all%20%22fre%22)%20and%20(text%20adj%20%22liberté%22%20)%20%20and%20(dc.type%20all%20%22fascicule%22)%20and%20(ocr.quality%20all%20%22Texte%20disponible%22)%20and%20(gallicapublication_date%3E=%221822%22%20and%20gallicapublication_date%3C=%221822%22)&suggest=10&keywords=liberté","Année","Presse","Français","Gallica","N-gramme"
"1823",8408,36767425,0.000228680686776406,"liberté","https://gallica.bnf.fr/services/engine/search/sru?operation=searchRetrieve&exactSearch=true&maximumRecords=20&startRecord=0&collapsing=false&version=1.2&query=(dc.language%20all%20%22fre%22)%20and%20(text%20adj%20%22liberté%22%20)%20%20and%20(dc.type%20all%20%22fascicule%22)%20and%20(ocr.quality%20all%20%22Texte%20disponible%22)%20and%20(gallicapublication_date%3E=%221823%22%20and%20gallicapublication_date%3C=%221823%22)&suggest=10&keywords=liberté","Année","Presse","Français","Gallica","N-gramme"
"1824",6835,33927976,0.000201456167028649,"liberté","https://gallica.bnf.fr/services/engine/search/sru?operation=searchRetrieve&exactSearch=true&maximumRecords=20&startRecord=0&collapsing=false&version=1.2&query=(dc.language%20all%20%22fre%22)%20and%20(text%20adj%20%22liberté%22%20)%20%20and%20(dc.type%20all%20%22fascicule%22)%20and%20(ocr.quality%20all%20%22Texte%20disponible%22)%20and%20(gallicapublication_date%3E=%221824%22%20and%20gallicapublication_date%3C=%221824%22)&suggest=10&keywords=liberté","Année","Presse","Français","Gallica","N-gramme"
"1825",6083,32558609,0.000186832306011599,"liberté","https://gallica.bnf.fr/services/engine/search/sru?operation=searchRetrieve&exactSearch=true&maximumRecords=20&startRecord=0&collapsing=false&version=1.2&query=(dc.language%20all%20%22fre%22)%20and%20(text%20adj%20%22liberté%22%20)%20%20and%20(dc.type%20all%20%22fascicule%22)%20and%20(ocr.quality%20all%20%22Texte%20disponible%22)%20and%20(gallicapublication_date%3E=%221825%22%20and%20gallicapublication_date%3C=%221825%22)&suggest=10&keywords=liberté","Année","Presse","Français","Gallica","N-gramme"
"1826",9669,39697194,0.00024356885275065,"liberté","https://gallica.bnf.fr/services/engine/search/sru?operation=searchRetrieve&exactSearch=true&maximumRecords=20&startRecord=0&collapsing=false&version=1.2&query=(dc.language%20all%20%22fre%22)%20and%20(text%20adj%20%22liberté%22%20)%20%20and%20(dc.type%20all%20%22fascicule%22)%20and%20(ocr.quality%20all%20%22Texte%20disponible%22)%20and%20(gallicapublication_date%3E=%221826%22%20and%20gallicapublication_date%3C=%221826%22)&suggest=10&keywords=liberté","Année","Presse","Français","Gallica","N-gramme"
"1827",8765,36653052,0.000239134247265412,"liberté","https://gallica.bnf.fr/services/engine/search/sru?operation=searchRetrieve&exactSearch=true&maximumRecords=20&startRecord=0&collapsing=false&version=1.2&query=(dc.language%20all%20%22fre%22)%20and%20(text%20adj%20%22liberté%22%20)%20%20and%20(dc.type%20all%20%22fascicule%22)%20and%20(ocr.quality%20all%20%22Texte%20disponible%22)%20and%20(gallicapublication_date%3E=%221827%22%20and%20gallicapublication_date%3C=%221827%22)&suggest=10&keywords=liberté","Année","Presse","Français","Gallica","N-gramme"
"1828",12231,49787362,0.000245664753235972,"liberté","https://gallica.bnf.fr/services/engine/search/sru?operation=searchRetrieve&exactSearch=true&maximumRecords=20&startRecord=0&collapsing=false&version=1.2&query=(dc.language%20all%20%22fre%22)%20and%20(text%20adj%20%22liberté%22%20)%20%20and%20(dc.type%20all%20%22fascicule%22)%20and%20(ocr.quality%20all%20%22Texte%20disponible%22)%20and%20(gallicapublication_date%3E=%221828%22%20and%20gallicapublication_date%3C=%221828%22)&suggest=10&keywords=liberté","Année","Presse","Français","Gallica","N-gramme"
"1829",15400,56643266,0.000271876978280172,"liberté","https://gallica.bnf.fr/services/engine/search/sru?operation=searchRetrieve&exactSearch=true&maximumRecords=20&startRecord=0&collapsing=false&version=1.2&query=(dc.language%20all%20%22fre%22)%20and%20(text%20adj%20%22liberté%22%20)%20%20and%20(dc.type%20all%20%22fascicule%22)%20and%20(ocr.quality%20all%20%22Texte%20disponible%22)%20and%20(gallicapublication_date%3E=%221829%22%20and%20gallicapublication_date%3C=%221829%22)&suggest=10&keywords=liberté","Année","Presse","Français","Gallica","N-gramme"
"1830",24029,58950790,0.000407611161784261,"liberté","https://gallica.bnf.fr/services/engine/search/sru?operation=searchRetrieve&exactSearch=true&maximumRecords=20&startRecord=0&collapsing=false&version=1.2&query=(dc.language%20all%20%22fre%22)%20and%20(text%20adj%20%22liberté%22%20)%20%20and%20(dc.type%20all%20%22fascicule%22)%20and%20(ocr.quality%20all%20%22Texte%20disponible%22)%20and%20(gallicapublication_date%3E=%221830%22%20and%20gallicapublication_date%3C=%221830%22)&suggest=10&keywords=liberté","Année","Presse","Français","Gallica","N-gramme"
"1831",31071,59070810,0.000525995834490842,"liberté","https://gallica.bnf.fr/services/engine/search/sru?operation=searchRetrieve&exactSearch=true&maximumRecords=20&startRecord=0&collapsing=false&version=1.2&query=(dc.language%20all%20%22fre%22)%20and%20(text%20adj%20%22liberté%22%20)%20%20and%20(dc.type%20all%20%22fascicule%22)%20and%20(ocr.quality%20all%20%22Texte%20disponible%22)%20and%20(gallicapublication_date%3E=%221831%22%20and%20gallicapublication_date%3C=%221831%22)&suggest=10&keywords=liberté","Année","Presse","Français","Gallica","N-gramme"
"1832",25177,59023861,0.000426556304068282,"liberté","https://gallica.bnf.fr/services/engine/search/sru?operation=searchRetrieve&exactSearch=true&maximumRecords=20&startRecord=0&collapsing=false&version=1.2&query=(dc.language%20all%20%22fre%22)%20and%20(text%20adj%20%22liberté%22%20)%20%20and%20(dc.type%20all%20%22fascicule%22)%20and%20(ocr.quality%20all%20%22Texte%20disponible%22)%20and%20(gallicapublication_date%3E=%221832%22%20and%20gallicapublication_date%3C=%221832%22)&suggest=10&keywords=liberté","Année","Presse","Français","Gallica","N-gramme"
"1833",23932,68658552,0.000348565463483704,"liberté","https://gallica.bnf.fr/services/engine/search/sru?operation=searchRetrieve&exactSearch=true&maximumRecords=20&startRecord=0&collapsing=false&version=1.2&query=(dc.language%20all%20%22fre%22)%20and%20(text%20adj%20%22liberté%22%20)%20%20and%20(dc.type%20all%20%22fascicule%22)%20and%20(ocr.quality%20all%20%22Texte%20disponible%22)%20and%20(gallicapublication_date%3E=%221833%22%20and%20gallicapublication_date%3C=%221833%22)&suggest=10&keywords=liberté","Année","Presse","Français","Gallica","N-gramme"
"1834",24022,71500363,0.000335970322276546,"liberté","https://gallica.bnf.fr/services/engine/search/sru?operation=searchRetrieve&exactSearch=true&maximumRecords=20&startRecord=0&collapsing=false&version=1.2&query=(dc.language%20all%20%22fre%22)%20and%20(text%20adj%20%22liberté%22%20)%20%20and%20(dc.type%20all%20%22fascicule%22)%20and%20(ocr.quality%20all%20%22Texte%20disponible%22)%20and%20(gallicapublication_date%3E=%221834%22%20and%20gallicapublication_date%3C=%221834%22)&suggest=10&keywords=liberté","Année","Presse","Français","Gallica","N-gramme"
"1835",22270,79253740,0.00028099620282904,"liberté","https://gallica.bnf.fr/services/engine/search/sru?operation=searchRetrieve&exactSearch=true&maximumRecords=20&startRecord=0&collapsing=false&version=1.2&query=(dc.language%20all%20%22fre%22)%20and%20(text%20adj%20%22liberté%22%20)%20%20and%20(dc.type%20all%20%22fascicule%22)%20and%20(ocr.quality%20all%20%22Texte%20disponible%22)%20and%20(gallicapublication_date%3E=%221835%22%20and%20gallicapublication_date%3C=%221835%22)&suggest=10&keywords=liberté","Année","Presse","Français","Gallica","N-gramme"
"1836",18482,87422146,0.000211410962160549,"liberté","https://gallica.bnf.fr/services/engine/search/sru?operation=searchRetrieve&exactSearch=true&maximumRecords=20&startRecord=0&collapsing=false&version=1.2&query=(dc.language%20all%20%22fre%22)%20and%20(text%20adj%20%22liberté%22%20)%20%20and%20(dc.type%20all%20%22fascicule%22)%20and%20(ocr.quality%20all%20%22Texte%20disponible%22)%20and%20(gallicapublication_date%3E=%221836%22%20and%20gallicapublication_date%3C=%221836%22)&suggest=10&keywords=liberté","Année","Presse","Français","Gallica","N-gramme"
"1837",21390,104289342,0.000205102454285309,"liberté","https://gallica.bnf.fr/services/engine/search/sru?operation=searchRetrieve&exactSearch=true&maximumRecords=20&startRecord=0&collapsing=false&version=1.2&query=(dc.language%20all%20%22fre%22)%20and%20(text%20adj%20%22liberté%22%20)%20%20and%20(dc.type%20all%20%22fascicule%22)%20and%20(ocr.quality%20all%20%22Texte%20disponible%22)%20and%20(gallicapublication_date%3E=%221837%22%20and%20gallicapublication_date%3C=%221837%22)&suggest=10&keywords=liberté","Année","Presse","Français","Gallica","N-gramme"
"1838",17633,95655739,0.000184338129466545,"liberté","https://gallica.bnf.fr/services/engine/search/sru?operation=searchRetrieve&exactSearch=true&maximumRecords=20&startRecord=0&collapsing=false&version=1.2&query=(dc.language%20all%20%22fre%22)%20and%20(text%20adj%20%22liberté%22%20)%20%20and%20(dc.type%20all%20%22fascicule%22)%20and%20(ocr.quality%20all%20%22Texte%20disponible%22)%20and%20(gallicapublication_date%3E=%221838%22%20and%20gallicapublication_date%3C=%221838%22)&suggest=10&keywords=liberté","Année","Presse","Français","Gallica","N-gramme"
"1839",16092,91680867,0.000175521900332814,"liberté","https://gallica.bnf.fr/services/engine/search/sru?operation=searchRetrieve&exactSearch=true&maximumRecords=20&startRecord=0&collapsing=false&version=1.2&query=(dc.language%20all%20%22fre%22)%20and%20(text%20adj%20%22liberté%22%20)%20%20and%20(dc.type%20all%20%22fascicule%22)%20and%20(ocr.quality%20all%20%22Texte%20disponible%22)%20and%20(gallicapublication_date%3E=%221839%22%20and%20gallicapublication_date%3C=%221839%22)&suggest=10&keywords=liberté","Année","Presse","Français","Gallica","N-gramme"
"1840",15143,90744370,0.000166875366482791,"liberté","https://gallica.bnf.fr/services/engine/search/sru?operation=searchRetrieve&exactSearch=true&maximumRecords=20&startRecord=0&collapsing=false&version=1.2&query=(dc.language%20all%20%22fre%22)%20and%20(text%20adj%20%22liberté%22%20)%20%20and%20(dc.type%20all%20%22fascicule%22)%20and%20(ocr.quality%20all%20%22Texte%20disponible%22)%20and%20(gallicapublication_date%3E=%221840%22%20and%20gallicapublication_date%3C=%221840%22)&suggest=10&keywords=liberté","Année","Presse","Français","Gallica","N-gramme"
"1841",19415,98206079,0.00019769651937738,"liberté","https://gallica.bnf.fr/services/engine/search/sru?operation=searchRetrieve&exactSearch=true&maximumRecords=20&startRecord=0&collapsing=false&version=1.2&query=(dc.language%20all%20%22fre%22)%20and%20(text%20adj%20%22liberté%22%20)%20%20and%20(dc.type%20all%20%22fascicule%22)%20and%20(ocr.quality%20all%20%22Texte%20disponible%22)%20and%20(gallicapublication_date%3E=%221841%22%20and%20gallicapublication_date%3C=%221841%22)&suggest=10&keywords=liberté","Année","Presse","Français","Gallica","N-gramme"
"1842",19875,100876380,0.000197023326967125,"liberté","https://gallica.bnf.fr/services/engine/search/sru?operation=searchRetrieve&exactSearch=true&maximumRecords=20&startRecord=0&collapsing=false&version=1.2&query=(dc.language%20all%20%22fre%22)%20and%20(text%20adj%20%22liberté%22%20)%20%20and%20(dc.type%20all%20%22fascicule%22)%20and%20(ocr.quality%20all%20%22Texte%20disponible%22)%20and%20(gallicapublication_date%3E=%221842%22%20and%20gallicapublication_date%3C=%221842%22)&suggest=10&keywords=liberté","Année","Presse","Français","Gallica","N-gramme"
"1843",25276,105045939,0.000240618535477131,"liberté","https://gallica.bnf.fr/services/engine/search/sru?operation=searchRetrieve&exactSearch=true&maximumRecords=20&startRecord=0&collapsing=false&version=1.2&query=(dc.language%20all%20%22fre%22)%20and%20(text%20adj%20%22liberté%22%20)%20%20and%20(dc.type%20all%20%22fascicule%22)%20and%20(ocr.quality%20all%20%22Texte%20disponible%22)%20and%20(gallicapublication_date%3E=%221843%22%20and%20gallicapublication_date%3C=%221843%22)&suggest=10&keywords=liberté","Année","Presse","Français","Gallica","N-gramme"
"1844",34439,115943492,0.000297032626893798,"liberté","https://gallica.bnf.fr/services/engine/search/sru?operation=searchRetrieve&exactSearch=true&maximumRecords=20&startRecord=0&collapsing=false&version=1.2&query=(dc.language%20all%20%22fre%22)%20and%20(text%20adj%20%22liberté%22%20)%20%20and%20(dc.type%20all%20%22fascicule%22)%20and%20(ocr.quality%20all%20%22Texte%20disponible%22)%20and%20(gallicapublication_date%3E=%221844%22%20and%20gallicapublication_date%3C=%221844%22)&suggest=10&keywords=liberté","Année","Presse","Français","Gallica","N-gramme"
"1845",35080,134033902,0.000261724828394536,"liberté","https://gallica.bnf.fr/services/engine/search/sru?operation=searchRetrieve&exactSearch=true&maximumRecords=20&startRecord=0&collapsing=false&version=1.2&query=(dc.language%20all%20%22fre%22)%20and%20(text%20adj%20%22liberté%22%20)%20%20and%20(dc.type%20all%20%22fascicule%22)%20and%20(ocr.quality%20all%20%22Texte%20disponible%22)%20and%20(gallicapublication_date%3E=%221845%22%20and%20gallicapublication_date%3C=%221845%22)&suggest=10&keywords=liberté","Année","Presse","Français","Gallica","N-gramme"
"1846",34960,132613491,0.000263623253836218,"liberté","https://gallica.bnf.fr/services/engine/search/sru?operation=searchRetrieve&exactSearch=true&maximumRecords=20&startRecord=0&collapsing=false&version=1.2&query=(dc.language%20all%20%22fre%22)%20and%20(text%20adj%20%22liberté%22%20)%20%20and%20(dc.type%20all%20%22fascicule%22)%20and%20(ocr.quality%20all%20%22Texte%20disponible%22)%20and%20(gallicapublication_date%3E=%221846%22%20and%20gallicapublication_date%3C=%221846%22)&suggest=10&keywords=liberté","Année","Presse","Français","Gallica","N-gramme"
"1847",30577,124740747,0.000245124393875884,"liberté","https://gallica.bnf.fr/services/engine/search/sru?operation=searchRetrieve&exactSearch=true&maximumRecords=20&startRecord=0&collapsing=false&version=1.2&query=(dc.language%20all%20%22fre%22)%20and%20(text%20adj%20%22liberté%22%20)%20%20and%20(dc.type%20all%20%22fascicule%22)%20and%20(ocr.quality%20all%20%22Texte%20disponible%22)%20and%20(gallicapublication_date%3E=%221847%22%20and%20gallicapublication_date%3C=%221847%22)&suggest=10&keywords=liberté","Année","Presse","Français","Gallica","N-gramme"
"1848",70479,132005348,0.000533910186729707,"liberté","https://gallica.bnf.fr/services/engine/search/sru?operation=searchRetrieve&exactSearch=true&maximumRecords=20&startRecord=0&collapsing=false&version=1.2&query=(dc.language%20all%20%22fre%22)%20and%20(text%20adj%20%22liberté%22%20)%20%20and%20(dc.type%20all%20%22fascicule%22)%20and%20(ocr.quality%20all%20%22Texte%20disponible%22)%20and%20(gallicapublication_date%3E=%221848%22%20and%20gallicapublication_date%3C=%221848%22)&suggest=10&keywords=liberté","Année","Presse","Français","Gallica","N-gramme"
"1849",56213,149679529,0.000375555698067436,"liberté","https://gallica.bnf.fr/services/engine/search/sru?operation=searchRetrieve&exactSearch=true&maximumRecords=20&startRecord=0&collapsing=false&version=1.2&query=(dc.language%20all%20%22fre%22)%20and%20(text%20adj%20%22liberté%22%20)%20%20and%20(dc.type%20all%20%22fascicule%22)%20and%20(ocr.quality%20all%20%22Texte%20disponible%22)%20and%20(gallicapublication_date%3E=%221849%22%20and%20gallicapublication_date%3C=%221849%22)&suggest=10&keywords=liberté","Année","Presse","Français","Gallica","N-gramme"
"1850",46199,157982587,0.000292430962660461,"liberté","https://gallica.bnf.fr/services/engine/search/sru?operation=searchRetrieve&exactSearch=true&maximumRecords=20&startRecord=0&collapsing=false&version=1.2&query=(dc.language%20all%20%22fre%22)%20and%20(text%20adj%20%22liberté%22%20)%20%20and%20(dc.type%20all%20%22fascicule%22)%20and%20(ocr.quality%20all%20%22Texte%20disponible%22)%20and%20(gallicapublication_date%3E=%221850%22%20and%20gallicapublication_date%3C=%221850%22)&suggest=10&keywords=liberté","Année","Presse","Français","Gallica","N-gramme"
"1851",34831,155235555,0.000224375143954618,"liberté","https://gallica.bnf.fr/services/engine/search/sru?operation=searchRetrieve&exactSearch=true&maximumRecords=20&startRecord=0&collapsing=false&version=1.2&query=(dc.language%20all%20%22fre%22)%20and%20(text%20adj%20%22liberté%22%20)%20%20and%20(dc.type%20all%20%22fascicule%22)%20and%20(ocr.quality%20all%20%22Texte%20disponible%22)%20and%20(gallicapublication_date%3E=%221851%22%20and%20gallicapublication_date%3C=%221851%22)&suggest=10&keywords=liberté","Année","Presse","Français","Gallica","N-gramme"
"1852",25946,133214796,0.000194768154732602,"liberté","https://gallica.bnf.fr/services/engine/search/sru?operation=searchRetrieve&exactSearch=true&maximumRecords=20&startRecord=0&collapsing=false&version=1.2&query=(dc.language%20all%20%22fre%22)%20and%20(text%20adj%20%22liberté%22%20)%20%20and%20(dc.type%20all%20%22fascicule%22)%20and%20(ocr.quality%20all%20%22Texte%20disponible%22)%20and%20(gallicapublication_date%3E=%221852%22%20and%20gallicapublication_date%3C=%221852%22)&suggest=10&keywords=liberté","Année","Presse","Français","Gallica","N-gramme"
"1853",17257,115980260,0.000148792561768701,"liberté","https://gallica.bnf.fr/services/engine/search/sru?operation=searchRetrieve&exactSearch=true&maximumRecords=20&startRecord=0&collapsing=false&version=1.2&query=(dc.language%20all%20%22fre%22)%20and%20(text%20adj%20%22liberté%22%20)%20%20and%20(dc.type%20all%20%22fascicule%22)%20and%20(ocr.quality%20all%20%22Texte%20disponible%22)%20and%20(gallicapublication_date%3E=%221853%22%20and%20gallicapublication_date%3C=%221853%22)&suggest=10&keywords=liberté","Année","Presse","Français","Gallica","N-gramme"
"1854",14309,115101872,0.000124315962471922,"liberté","https://gallica.bnf.fr/services/engine/search/sru?operation=searchRetrieve&exactSearch=true&maximumRecords=20&startRecord=0&collapsing=false&version=1.2&query=(dc.language%20all%20%22fre%22)%20and%20(text%20adj%20%22liberté%22%20)%20%20and%20(dc.type%20all%20%22fascicule%22)%20and%20(ocr.quality%20all%20%22Texte%20disponible%22)%20and%20(gallicapublication_date%3E=%221854%22%20and%20gallicapublication_date%3C=%221854%22)&suggest=10&keywords=liberté","Année","Presse","Français","Gallica","N-gramme"
"1855",12900,116162526,0.00011105130410129,"liberté","https://gallica.bnf.fr/services/engine/search/sru?operation=searchRetrieve&exactSearch=true&maximumRecords=20&startRecord=0&collapsing=false&version=1.2&query=(dc.language%20all%20%22fre%22)%20and%20(text%20adj%20%22liberté%22%20)%20%20and%20(dc.type%20all%20%22fascicule%22)%20and%20(ocr.quality%20all%20%22Texte%20disponible%22)%20and%20(gallicapublication_date%3E=%221855%22%20and%20gallicapublication_date%3C=%221855%22)&suggest=10&keywords=liberté","Année","Presse","Français","Gallica","N-gramme"
"1856",16373,124031800,0.000132006469308677,"liberté","https://gallica.bnf.fr/services/engine/search/sru?operation=searchRetrieve&exactSearch=true&maximumRecords=20&startRecord=0&collapsing=false&version=1.2&query=(dc.language%20all%20%22fre%22)%20and%20(text%20adj%20%22liberté%22%20)%20%20and%20(dc.type%20all%20%22fascicule%22)%20and%20(ocr.quality%20all%20%22Texte%20disponible%22)%20and%20(gallicapublication_date%3E=%221856%22%20and%20gallicapublication_date%3C=%221856%22)&suggest=10&keywords=liberté","Année","Presse","Français","Gallica","N-gramme"
"1857",17888,135929461,0.000131597667410746,"liberté","https://gallica.bnf.fr/services/engine/search/sru?operation=searchRetrieve&exactSearch=true&maximumRecords=20&startRecord=0&collapsing=false&version=1.2&query=(dc.language%20all%20%22fre%22)%20and%20(text%20adj%20%22liberté%22%20)%20%20and%20(dc.type%20all%20%22fascicule%22)%20and%20(ocr.quality%20all%20%22Texte%20disponible%22)%20and%20(gallicapublication_date%3E=%221857%22%20and%20gallicapublication_date%3C=%221857%22)&suggest=10&keywords=liberté","Année","Presse","Français","Gallica","N-gramme"
"1858",14944,125024063,0.000119528990191272,"liberté","https://gallica.bnf.fr/services/engine/search/sru?operation=searchRetrieve&exactSearch=true&maximumRecords=20&startRecord=0&collapsing=false&version=1.2&query=(dc.language%20all%20%22fre%22)%20and%20(text%20adj%20%22liberté%22%20)%20%20and%20(dc.type%20all%20%22fascicule%22)%20and%20(ocr.quality%20all%20%22Texte%20disponible%22)%20and%20(gallicapublication_date%3E=%221858%22%20and%20gallicapublication_date%3C=%221858%22)&suggest=10&keywords=liberté","Année","Presse","Français","Gallica","N-gramme"
"1859",21201,145193586,0.000146018846865591,"liberté","https://gallica.bnf.fr/services/engine/search/sru?operation=searchRetrieve&exactSearch=true&maximumRecords=20&startRecord=0&collapsing=false&version=1.2&query=(dc.language%20all%20%22fre%22)%20and%20(text%20adj%20%22liberté%22%20)%20%20and%20(dc.type%20all%20%22fascicule%22)%20and%20(ocr.quality%20all%20%22Texte%20disponible%22)%20and%20(gallicapublication_date%3E=%221859%22%20and%20gallicapublication_date%3C=%221859%22)&suggest=10&keywords=liberté","Année","Presse","Français","Gallica","N-gramme"
"1860",22946,151588130,0.000151370691095668,"liberté","https://gallica.bnf.fr/services/engine/search/sru?operation=searchRetrieve&exactSearch=true&maximumRecords=20&startRecord=0&collapsing=false&version=1.2&query=(dc.language%20all%20%22fre%22)%20and%20(text%20adj%20%22liberté%22%20)%20%20and%20(dc.type%20all%20%22fascicule%22)%20and%20(ocr.quality%20all%20%22Texte%20disponible%22)%20and%20(gallicapublication_date%3E=%221860%22%20and%20gallicapublication_date%3C=%221860%22)&suggest=10&keywords=liberté","Année","Presse","Français","Gallica","N-gramme"
"1861",34178,166967613,0.000204698380637447,"liberté","https://gallica.bnf.fr/services/engine/search/sru?operation=searchRetrieve&exactSearch=true&maximumRecords=20&startRecord=0&collapsing=false&version=1.2&query=(dc.language%20all%20%22fre%22)%20and%20(text%20adj%20%22liberté%22%20)%20%20and%20(dc.type%20all%20%22fascicule%22)%20and%20(ocr.quality%20all%20%22Texte%20disponible%22)%20and%20(gallicapublication_date%3E=%221861%22%20and%20gallicapublication_date%3C=%221861%22)&suggest=10&keywords=liberté","Année","Presse","Français","Gallica","N-gramme"
"1862",30464,171375383,0.00017776182008591,"liberté","https://gallica.bnf.fr/services/engine/search/sru?operation=searchRetrieve&exactSearch=true&maximumRecords=20&startRecord=0&collapsing=false&version=1.2&query=(dc.language%20all%20%22fre%22)%20and%20(text%20adj%20%22liberté%22%20)%20%20and%20(dc.type%20all%20%22fascicule%22)%20and%20(ocr.quality%20all%20%22Texte%20disponible%22)%20and%20(gallicapublication_date%3E=%221862%22%20and%20gallicapublication_date%3C=%221862%22)&suggest=10&keywords=liberté","Année","Presse","Français","Gallica","N-gramme"
"1863",41145,188767113,0.000217966993011118,"liberté","https://gallica.bnf.fr/services/engine/search/sru?operation=searchRetrieve&exactSearch=true&maximumRecords=20&startRecord=0&collapsing=false&version=1.2&query=(dc.language%20all%20%22fre%22)%20and%20(text%20adj%20%22liberté%22%20)%20%20and%20(dc.type%20all%20%22fascicule%22)%20and%20(ocr.quality%20all%20%22Texte%20disponible%22)%20and%20(gallicapublication_date%3E=%221863%22%20and%20gallicapublication_date%3C=%221863%22)&suggest=10&keywords=liberté","Année","Presse","Français","Gallica","N-gramme"
"1864",44904,183196291,0.000245114132796499,"liberté","https://gallica.bnf.fr/services/engine/search/sru?operation=searchRetrieve&exactSearch=true&maximumRecords=20&startRecord=0&collapsing=false&version=1.2&query=(dc.language%20all%20%22fre%22)%20and%20(text%20adj%20%22liberté%22%20)%20%20and%20(dc.type%20all%20%22fascicule%22)%20and%20(ocr.quality%20all%20%22Texte%20disponible%22)%20and%20(gallicapublication_date%3E=%221864%22%20and%20gallicapublication_date%3C=%221864%22)&suggest=10&keywords=liberté","Année","Presse","Français","Gallica","N-gramme"
"1865",49637,199187069,0.000249197903504469,"liberté","https://gallica.bnf.fr/services/engine/search/sru?operation=searchRetrieve&exactSearch=true&maximumRecords=20&startRecord=0&collapsing=false&version=1.2&query=(dc.language%20all%20%22fre%22)%20and%20(text%20adj%20%22liberté%22%20)%20%20and%20(dc.type%20all%20%22fascicule%22)%20and%20(ocr.quality%20all%20%22Texte%20disponible%22)%20and%20(gallicapublication_date%3E=%221865%22%20and%20gallicapublication_date%3C=%221865%22)&suggest=10&keywords=liberté","Année","Presse","Français","Gallica","N-gramme"
"1866",47721,190183835,0.000250920379221504,"liberté","https://gallica.bnf.fr/services/engine/search/sru?operation=searchRetrieve&exactSearch=true&maximumRecords=20&startRecord=0&collapsing=false&version=1.2&query=(dc.language%20all%20%22fre%22)%20and%20(text%20adj%20%22liberté%22%20)%20%20and%20(dc.type%20all%20%22fascicule%22)%20and%20(ocr.quality%20all%20%22Texte%20disponible%22)%20and%20(gallicapublication_date%3E=%221866%22%20and%20gallicapublication_date%3C=%221866%22)&suggest=10&keywords=liberté","Année","Presse","Français","Gallica","N-gramme"
"1867",54195,194391721,0.000278792737268888,"liberté","https://gallica.bnf.fr/services/engine/search/sru?operation=searchRetrieve&exactSearch=true&maximumRecords=20&startRecord=0&collapsing=false&version=1.2&query=(dc.language%20all%20%22fre%22)%20and%20(text%20adj%20%22liberté%22%20)%20%20and%20(dc.type%20all%20%22fascicule%22)%20and%20(ocr.quality%20all%20%22Texte%20disponible%22)%20and%20(gallicapublication_date%3E=%221867%22%20and%20gallicapublication_date%3C=%221867%22)&suggest=10&keywords=liberté","Année","Presse","Français","Gallica","N-gramme"
"1868",75388,223037309,0.000338006230159457,"liberté","https://gallica.bnf.fr/services/engine/search/sru?operation=searchRetrieve&exactSearch=true&maximumRecords=20&startRecord=0&collapsing=false&version=1.2&query=(dc.language%20all%20%22fre%22)%20and%20(text%20adj%20%22liberté%22%20)%20%20and%20(dc.type%20all%20%22fascicule%22)%20and%20(ocr.quality%20all%20%22Texte%20disponible%22)%20and%20(gallicapublication_date%3E=%221868%22%20and%20gallicapublication_date%3C=%221868%22)&suggest=10&keywords=liberté","Année","Presse","Français","Gallica","N-gramme"
"1869",89585,273145463,0.000327975427510579,"liberté","https://gallica.bnf.fr/services/engine/search/sru?operation=searchRetrieve&exactSearch=true&maximumRecords=20&startRecord=0&collapsing=false&version=1.2&query=(dc.language%20all%20%22fre%22)%20and%20(text%20adj%20%22liberté%22%20)%20%20and%20(dc.type%20all%20%22fascicule%22)%20and%20(ocr.quality%20all%20%22Texte%20disponible%22)%20and%20(gallicapublication_date%3E=%221869%22%20and%20gallicapublication_date%3C=%221869%22)&suggest=10&keywords=liberté","Année","Presse","Français","Gallica","N-gramme"
"1870",87275,270902730,0.00032216360462665,"liberté","https://gallica.bnf.fr/services/engine/search/sru?operation=searchRetrieve&exactSearch=true&maximumRecords=20&startRecord=0&collapsing=false&version=1.2&query=(dc.language%20all%20%22fre%22)%20and%20(text%20adj%20%22liberté%22%20)%20%20and%20(dc.type%20all%20%22fascicule%22)%20and%20(ocr.quality%20all%20%22Texte%20disponible%22)%20and%20(gallicapublication_date%3E=%221870%22%20and%20gallicapublication_date%3C=%221870%22)&suggest=10&keywords=liberté","Année","Presse","Français","Gallica","N-gramme"
"1871",66539,226564302,0.000293687043424873,"liberté","https://gallica.bnf.fr/services/engine/search/sru?operation=searchRetrieve&exactSearch=true&maximumRecords=20&startRecord=0&collapsing=false&version=1.2&query=(dc.language%20all%20%22fre%22)%20and%20(text%20adj%20%22liberté%22%20)%20%20and%20(dc.type%20all%20%22fascicule%22)%20and%20(ocr.quality%20all%20%22Texte%20disponible%22)%20and%20(gallicapublication_date%3E=%221871%22%20and%20gallicapublication_date%3C=%221871%22)&suggest=10&keywords=liberté","Année","Presse","Français","Gallica","N-gramme"
"1872",68823,328033197,0.000209804985072898,"liberté","https://gallica.bnf.fr/services/engine/search/sru?operation=searchRetrieve&exactSearch=true&maximumRecords=20&startRecord=0&collapsing=false&version=1.2&query=(dc.language%20all%20%22fre%22)%20and%20(text%20adj%20%22liberté%22%20)%20%20and%20(dc.type%20all%20%22fascicule%22)%20and%20(ocr.quality%20all%20%22Texte%20disponible%22)%20and%20(gallicapublication_date%3E=%221872%22%20and%20gallicapublication_date%3C=%221872%22)&suggest=10&keywords=liberté","Année","Presse","Français","Gallica","N-gramme"
"1873",68342,359759412,0.000189965843061807,"liberté","https://gallica.bnf.fr/services/engine/search/sru?operation=searchRetrieve&exactSearch=true&maximumRecords=20&startRecord=0&collapsing=false&version=1.2&query=(dc.language%20all%20%22fre%22)%20and%20(text%20adj%20%22liberté%22%20)%20%20and%20(dc.type%20all%20%22fascicule%22)%20and%20(ocr.quality%20all%20%22Texte%20disponible%22)%20and%20(gallicapublication_date%3E=%221873%22%20and%20gallicapublication_date%3C=%221873%22)&suggest=10&keywords=liberté","Année","Presse","Français","Gallica","N-gramme"
"1874",72032,365772682,0.000196931054572304,"liberté","https://gallica.bnf.fr/services/engine/search/sru?operation=searchRetrieve&exactSearch=true&maximumRecords=20&startRecord=0&collapsing=false&version=1.2&query=(dc.language%20all%20%22fre%22)%20and%20(text%20adj%20%22liberté%22%20)%20%20and%20(dc.type%20all%20%22fascicule%22)%20and%20(ocr.quality%20all%20%22Texte%20disponible%22)%20and%20(gallicapublication_date%3E=%221874%22%20and%20gallicapublication_date%3C=%221874%22)&suggest=10&keywords=liberté","Année","Presse","Français","Gallica","N-gramme"
"1875",77363,384917885,0.000200985724526674,"liberté","https://gallica.bnf.fr/services/engine/search/sru?operation=searchRetrieve&exactSearch=true&maximumRecords=20&startRecord=0&collapsing=false&version=1.2&query=(dc.language%20all%20%22fre%22)%20and%20(text%20adj%20%22liberté%22%20)%20%20and%20(dc.type%20all%20%22fascicule%22)%20and%20(ocr.quality%20all%20%22Texte%20disponible%22)%20and%20(gallicapublication_date%3E=%221875%22%20and%20gallicapublication_date%3C=%221875%22)&suggest=10&keywords=liberté","Année","Presse","Français","Gallica","N-gramme"
"1876",86737,410562487,0.000211263821577542,"liberté","https://gallica.bnf.fr/services/engine/search/sru?operation=searchRetrieve&exactSearch=true&maximumRecords=20&startRecord=0&collapsing=false&version=1.2&query=(dc.language%20all%20%22fre%22)%20and%20(text%20adj%20%22liberté%22%20)%20%20and%20(dc.type%20all%20%22fascicule%22)%20and%20(ocr.quality%20all%20%22Texte%20disponible%22)%20and%20(gallicapublication_date%3E=%221876%22%20and%20gallicapublication_date%3C=%221876%22)&suggest=10&keywords=liberté","Année","Presse","Français","Gallica","N-gramme"
"1877",71574,406992241,0.00017586084644793,"liberté","https://gallica.bnf.fr/services/engine/search/sru?operation=searchRetrieve&exactSearch=true&maximumRecords=20&startRecord=0&collapsing=false&version=1.2&query=(dc.language%20all%20%22fre%22)%20and%20(text%20adj%20%22liberté%22%20)%20%20and%20(dc.type%20all%20%22fascicule%22)%20and%20(ocr.quality%20all%20%22Texte%20disponible%22)%20and%20(gallicapublication_date%3E=%221877%22%20and%20gallicapublication_date%3C=%221877%22)&suggest=10&keywords=liberté","Année","Presse","Français","Gallica","N-gramme"
"1878",72649,431077288,0.000168528943700694,"liberté","https://gallica.bnf.fr/services/engine/search/sru?operation=searchRetrieve&exactSearch=true&maximumRecords=20&startRecord=0&collapsing=false&version=1.2&query=(dc.language%20all%20%22fre%22)%20and%20(text%20adj%20%22liberté%22%20)%20%20and%20(dc.type%20all%20%22fascicule%22)%20and%20(ocr.quality%20all%20%22Texte%20disponible%22)%20and%20(gallicapublication_date%3E=%221878%22%20and%20gallicapublication_date%3C=%221878%22)&suggest=10&keywords=liberté","Année","Presse","Français","Gallica","N-gramme"
"1879",120367,454026021,0.000265110355866586,"liberté","https://gallica.bnf.fr/services/engine/search/sru?operation=searchRetrieve&exactSearch=true&maximumRecords=20&startRecord=0&collapsing=false&version=1.2&query=(dc.language%20all%20%22fre%22)%20and%20(text%20adj%20%22liberté%22%20)%20%20and%20(dc.type%20all%20%22fascicule%22)%20and%20(ocr.quality%20all%20%22Texte%20disponible%22)%20and%20(gallicapublication_date%3E=%221879%22%20and%20gallicapublication_date%3C=%221879%22)&suggest=10&keywords=liberté","Année","Presse","Français","Gallica","N-gramme"
"1880",131955,491516227,0.000268465195554978,"liberté","https://gallica.bnf.fr/services/engine/search/sru?operation=searchRetrieve&exactSearch=true&maximumRecords=20&startRecord=0&collapsing=false&version=1.2&query=(dc.language%20all%20%22fre%22)%20and%20(text%20adj%20%22liberté%22%20)%20%20and%20(dc.type%20all%20%22fascicule%22)%20and%20(ocr.quality%20all%20%22Texte%20disponible%22)%20and%20(gallicapublication_date%3E=%221880%22%20and%20gallicapublication_date%3C=%221880%22)&suggest=10&keywords=liberté","Année","Presse","Français","Gallica","N-gramme"
"1881",97914,513791105,0.000190571613730059,"liberté","https://gallica.bnf.fr/services/engine/search/sru?operation=searchRetrieve&exactSearch=true&maximumRecords=20&startRecord=0&collapsing=false&version=1.2&query=(dc.language%20all%20%22fre%22)%20and%20(text%20adj%20%22liberté%22%20)%20%20and%20(dc.type%20all%20%22fascicule%22)%20and%20(ocr.quality%20all%20%22Texte%20disponible%22)%20and%20(gallicapublication_date%3E=%221881%22%20and%20gallicapublication_date%3C=%221881%22)&suggest=10&keywords=liberté","Année","Presse","Français","Gallica","N-gramme"
"1882",102311,562902953,0.000181756019318662,"liberté","https://gallica.bnf.fr/services/engine/search/sru?operation=searchRetrieve&exactSearch=true&maximumRecords=20&startRecord=0&collapsing=false&version=1.2&query=(dc.language%20all%20%22fre%22)%20and%20(text%20adj%20%22liberté%22%20)%20%20and%20(dc.type%20all%20%22fascicule%22)%20and%20(ocr.quality%20all%20%22Texte%20disponible%22)%20and%20(gallicapublication_date%3E=%221882%22%20and%20gallicapublication_date%3C=%221882%22)&suggest=10&keywords=liberté","Année","Presse","Français","Gallica","N-gramme"
"1883",92109,533978299,0.000172495774027701,"liberté","https://gallica.bnf.fr/services/engine/search/sru?operation=searchRetrieve&exactSearch=true&maximumRecords=20&startRecord=0&collapsing=false&version=1.2&query=(dc.language%20all%20%22fre%22)%20and%20(text%20adj%20%22liberté%22%20)%20%20and%20(dc.type%20all%20%22fascicule%22)%20and%20(ocr.quality%20all%20%22Texte%20disponible%22)%20and%20(gallicapublication_date%3E=%221883%22%20and%20gallicapublication_date%3C=%221883%22)&suggest=10&keywords=liberté","Année","Presse","Français","Gallica","N-gramme"
"1884",79815,524902365,0.000152056849658126,"liberté","https://gallica.bnf.fr/services/engine/search/sru?operation=searchRetrieve&exactSearch=true&maximumRecords=20&startRecord=0&collapsing=false&version=1.2&query=(dc.language%20all%20%22fre%22)%20and%20(text%20adj%20%22liberté%22%20)%20%20and%20(dc.type%20all%20%22fascicule%22)%20and%20(ocr.quality%20all%20%22Texte%20disponible%22)%20and%20(gallicapublication_date%3E=%221884%22%20and%20gallicapublication_date%3C=%221884%22)&suggest=10&keywords=liberté","Année","Presse","Français","Gallica","N-gramme"
"1885",74947,522461770,0.000143449730302755,"liberté","https://gallica.bnf.fr/services/engine/search/sru?operation=searchRetrieve&exactSearch=true&maximumRecords=20&startRecord=0&collapsing=false&version=1.2&query=(dc.language%20all%20%22fre%22)%20and%20(text%20adj%20%22liberté%22%20)%20%20and%20(dc.type%20all%20%22fascicule%22)%20and%20(ocr.quality%20all%20%22Texte%20disponible%22)%20and%20(gallicapublication_date%3E=%221885%22%20and%20gallicapublication_date%3C=%221885%22)&suggest=10&keywords=liberté","Année","Presse","Français","Gallica","N-gramme"
"1886",91023,533214628,0.00017070611948778,"liberté","https://gallica.bnf.fr/services/engine/search/sru?operation=searchRetrieve&exactSearch=true&maximumRecords=20&startRecord=0&collapsing=false&version=1.2&query=(dc.language%20all%20%22fre%22)%20and%20(text%20adj%20%22liberté%22%20)%20%20and%20(dc.type%20all%20%22fascicule%22)%20and%20(ocr.quality%20all%20%22Texte%20disponible%22)%20and%20(gallicapublication_date%3E=%221886%22%20and%20gallicapublication_date%3C=%221886%22)&suggest=10&keywords=liberté","Année","Presse","Français","Gallica","N-gramme"
"1887",78891,567401616,0.000139039082327887,"liberté","https://gallica.bnf.fr/services/engine/search/sru?operation=searchRetrieve&exactSearch=true&maximumRecords=20&startRecord=0&collapsing=false&version=1.2&query=(dc.language%20all%20%22fre%22)%20and%20(text%20adj%20%22liberté%22%20)%20%20and%20(dc.type%20all%20%22fascicule%22)%20and%20(ocr.quality%20all%20%22Texte%20disponible%22)%20and%20(gallicapublication_date%3E=%221887%22%20and%20gallicapublication_date%3C=%221887%22)&suggest=10&keywords=liberté","Année","Presse","Français","Gallica","N-gramme"
"1888",89215,567795247,0.000157125302600499,"liberté","https://gallica.bnf.fr/services/engine/search/sru?operation=searchRetrieve&exactSearch=true&maximumRecords=20&startRecord=0&collapsing=false&version=1.2&query=(dc.language%20all%20%22fre%22)%20and%20(text%20adj%20%22liberté%22%20)%20%20and%20(dc.type%20all%20%22fascicule%22)%20and%20(ocr.quality%20all%20%22Texte%20disponible%22)%20and%20(gallicapublication_date%3E=%221888%22%20and%20gallicapublication_date%3C=%221888%22)&suggest=10&keywords=liberté","Année","Presse","Français","Gallica","N-gramme"
"1889",102852,599155045,0.000171661744081617,"liberté","https://gallica.bnf.fr/services/engine/search/sru?operation=searchRetrieve&exactSearch=true&maximumRecords=20&startRecord=0&collapsing=false&version=1.2&query=(dc.language%20all%20%22fre%22)%20and%20(text%20adj%20%22liberté%22%20)%20%20and%20(dc.type%20all%20%22fascicule%22)%20and%20(ocr.quality%20all%20%22Texte%20disponible%22)%20and%20(gallicapublication_date%3E=%221889%22%20and%20gallicapublication_date%3C=%221889%22)&suggest=10&keywords=liberté","Année","Presse","Français","Gallica","N-gramme"
"1890",86294,605521518,0.000142511863632896,"liberté","https://gallica.bnf.fr/services/engine/search/sru?operation=searchRetrieve&exactSearch=true&maximumRecords=20&startRecord=0&collapsing=false&version=1.2&query=(dc.language%20all%20%22fre%22)%20and%20(text%20adj%20%22liberté%22%20)%20%20and%20(dc.type%20all%20%22fascicule%22)%20and%20(ocr.quality%20all%20%22Texte%20disponible%22)%20and%20(gallicapublication_date%3E=%221890%22%20and%20gallicapublication_date%3C=%221890%22)&suggest=10&keywords=liberté","Année","Presse","Français","Gallica","N-gramme"
"1891",92008,621939976,0.00014793710575054,"liberté","https://gallica.bnf.fr/services/engine/search/sru?operation=searchRetrieve&exactSearch=true&maximumRecords=20&startRecord=0&collapsing=false&version=1.2&query=(dc.language%20all%20%22fre%22)%20and%20(text%20adj%20%22liberté%22%20)%20%20and%20(dc.type%20all%20%22fascicule%22)%20and%20(ocr.quality%20all%20%22Texte%20disponible%22)%20and%20(gallicapublication_date%3E=%221891%22%20and%20gallicapublication_date%3C=%221891%22)&suggest=10&keywords=liberté","Année","Presse","Français","Gallica","N-gramme"
"1892",100009,658096707,0.000151967026937274,"liberté","https://gallica.bnf.fr/services/engine/search/sru?operation=searchRetrieve&exactSearch=true&maximumRecords=20&startRecord=0&collapsing=false&version=1.2&query=(dc.language%20all%20%22fre%22)%20and%20(text%20adj%20%22liberté%22%20)%20%20and%20(dc.type%20all%20%22fascicule%22)%20and%20(ocr.quality%20all%20%22Texte%20disponible%22)%20and%20(gallicapublication_date%3E=%221892%22%20and%20gallicapublication_date%3C=%221892%22)&suggest=10&keywords=liberté","Année","Presse","Français","Gallica","N-gramme"
"1893",99692,693139896,0.000143826665548047,"liberté","https://gallica.bnf.fr/services/engine/search/sru?operation=searchRetrieve&exactSearch=true&maximumRecords=20&startRecord=0&collapsing=false&version=1.2&query=(dc.language%20all%20%22fre%22)%20and%20(text%20adj%20%22liberté%22%20)%20%20and%20(dc.type%20all%20%22fascicule%22)%20and%20(ocr.quality%20all%20%22Texte%20disponible%22)%20and%20(gallicapublication_date%3E=%221893%22%20and%20gallicapublication_date%3C=%221893%22)&suggest=10&keywords=liberté","Année","Presse","Français","Gallica","N-gramme"
"1894",103079,722523329,0.000142665289635236,"liberté","https://gallica.bnf.fr/services/engine/search/sru?operation=searchRetrieve&exactSearch=true&maximumRecords=20&startRecord=0&collapsing=false&version=1.2&query=(dc.language%20all%20%22fre%22)%20and%20(text%20adj%20%22liberté%22%20)%20%20and%20(dc.type%20all%20%22fascicule%22)%20and%20(ocr.quality%20all%20%22Texte%20disponible%22)%20and%20(gallicapublication_date%3E=%221894%22%20and%20gallicapublication_date%3C=%221894%22)&suggest=10&keywords=liberté","Année","Presse","Français","Gallica","N-gramme"
"1895",100481,748760225,0.000134196497950996,"liberté","https://gallica.bnf.fr/services/engine/search/sru?operation=searchRetrieve&exactSearch=true&maximumRecords=20&startRecord=0&collapsing=false&version=1.2&query=(dc.language%20all%20%22fre%22)%20and%20(text%20adj%20%22liberté%22%20)%20%20and%20(dc.type%20all%20%22fascicule%22)%20and%20(ocr.quality%20all%20%22Texte%20disponible%22)%20and%20(gallicapublication_date%3E=%221895%22%20and%20gallicapublication_date%3C=%221895%22)&suggest=10&keywords=liberté","Année","Presse","Français","Gallica","N-gramme"
"1896",97964,750406727,0.000130547870208525,"liberté","https://gallica.bnf.fr/services/engine/search/sru?operation=searchRetrieve&exactSearch=true&maximumRecords=20&startRecord=0&collapsing=false&version=1.2&query=(dc.language%20all%20%22fre%22)%20and%20(text%20adj%20%22liberté%22%20)%20%20and%20(dc.type%20all%20%22fascicule%22)%20and%20(ocr.quality%20all%20%22Texte%20disponible%22)%20and%20(gallicapublication_date%3E=%221896%22%20and%20gallicapublication_date%3C=%221896%22)&suggest=10&keywords=liberté","Année","Presse","Français","Gallica","N-gramme"
"1897",101379,770450266,0.000131584093709691,"liberté","https://gallica.bnf.fr/services/engine/search/sru?operation=searchRetrieve&exactSearch=true&maximumRecords=20&startRecord=0&collapsing=false&version=1.2&query=(dc.language%20all%20%22fre%22)%20and%20(text%20adj%20%22liberté%22%20)%20%20and%20(dc.type%20all%20%22fascicule%22)%20and%20(ocr.quality%20all%20%22Texte%20disponible%22)%20and%20(gallicapublication_date%3E=%221897%22%20and%20gallicapublication_date%3C=%221897%22)&suggest=10&keywords=liberté","Année","Presse","Français","Gallica","N-gramme"
"1898",110174,787945107,0.000139824461147393,"liberté","https://gallica.bnf.fr/services/engine/search/sru?operation=searchRetrieve&exactSearch=true&maximumRecords=20&startRecord=0&collapsing=false&version=1.2&query=(dc.language%20all%20%22fre%22)%20and%20(text%20adj%20%22liberté%22%20)%20%20and%20(dc.type%20all%20%22fascicule%22)%20and%20(ocr.quality%20all%20%22Texte%20disponible%22)%20and%20(gallicapublication_date%3E=%221898%22%20and%20gallicapublication_date%3C=%221898%22)&suggest=10&keywords=liberté","Année","Presse","Français","Gallica","N-gramme"
"1899",124801,798600153,0.000156274700838932,"liberté","https://gallica.bnf.fr/services/engine/search/sru?operation=searchRetrieve&exactSearch=true&maximumRecords=20&startRecord=0&collapsing=false&version=1.2&query=(dc.language%20all%20%22fre%22)%20and%20(text%20adj%20%22liberté%22%20)%20%20and%20(dc.type%20all%20%22fascicule%22)%20and%20(ocr.quality%20all%20%22Texte%20disponible%22)%20and%20(gallicapublication_date%3E=%221899%22%20and%20gallicapublication_date%3C=%221899%22)&suggest=10&keywords=liberté","Année","Presse","Français","Gallica","N-gramme"
"1900",123726,810568444,0.00015264102731342,"liberté","https://gallica.bnf.fr/services/engine/search/sru?operation=searchRetrieve&exactSearch=true&maximumRecords=20&startRecord=0&collapsing=false&version=1.2&query=(dc.language%20all%20%22fre%22)%20and%20(text%20adj%20%22liberté%22%20)%20%20and%20(dc.type%20all%20%22fascicule%22)%20and%20(ocr.quality%20all%20%22Texte%20disponible%22)%20and%20(gallicapublication_date%3E=%221900%22%20and%20gallicapublication_date%3C=%221900%22)&suggest=10&keywords=liberté","Année","Presse","Français","Gallica","N-gramme"
"1901",139432,810529069,0.000172025909165758,"liberté","https://gallica.bnf.fr/services/engine/search/sru?operation=searchRetrieve&exactSearch=true&maximumRecords=20&startRecord=0&collapsing=false&version=1.2&query=(dc.language%20all%20%22fre%22)%20and%20(text%20adj%20%22liberté%22%20)%20%20and%20(dc.type%20all%20%22fascicule%22)%20and%20(ocr.quality%20all%20%22Texte%20disponible%22)%20and%20(gallicapublication_date%3E=%221901%22%20and%20gallicapublication_date%3C=%221901%22)&suggest=10&keywords=liberté","Année","Presse","Français","Gallica","N-gramme"
"1902",180001,822129144,0.000218944920410217,"liberté","https://gallica.bnf.fr/services/engine/search/sru?operation=searchRetrieve&exactSearch=true&maximumRecords=20&startRecord=0&collapsing=false&version=1.2&query=(dc.language%20all%20%22fre%22)%20and%20(text%20adj%20%22liberté%22%20)%20%20and%20(dc.type%20all%20%22fascicule%22)%20and%20(ocr.quality%20all%20%22Texte%20disponible%22)%20and%20(gallicapublication_date%3E=%221902%22%20and%20gallicapublication_date%3C=%221902%22)&suggest=10&keywords=liberté","Année","Presse","Français","Gallica","N-gramme"
"1903",168210,846183684,0.000198786626568895,"liberté","https://gallica.bnf.fr/services/engine/search/sru?operation=searchRetrieve&exactSearch=true&maximumRecords=20&startRecord=0&collapsing=false&version=1.2&query=(dc.language%20all%20%22fre%22)%20and%20(text%20adj%20%22liberté%22%20)%20%20and%20(dc.type%20all%20%22fascicule%22)%20and%20(ocr.quality%20all%20%22Texte%20disponible%22)%20and%20(gallicapublication_date%3E=%221903%22%20and%20gallicapublication_date%3C=%221903%22)&suggest=10&keywords=liberté","Année","Presse","Français","Gallica","N-gramme"
"1904",146111,862779606,0.000169349158213645,"liberté","https://gallica.bnf.fr/services/engine/search/sru?operation=searchRetrieve&exactSearch=true&maximumRecords=20&startRecord=0&collapsing=false&version=1.2&query=(dc.language%20all%20%22fre%22)%20and%20(text%20adj%20%22liberté%22%20)%20%20and%20(dc.type%20all%20%22fascicule%22)%20and%20(ocr.quality%20all%20%22Texte%20disponible%22)%20and%20(gallicapublication_date%3E=%221904%22%20and%20gallicapublication_date%3C=%221904%22)&suggest=10&keywords=liberté","Année","Presse","Français","Gallica","N-gramme"
"1905",151622,861431167,0.000176011741632283,"liberté","https://gallica.bnf.fr/services/engine/search/sru?operation=searchRetrieve&exactSearch=true&maximumRecords=20&startRecord=0&collapsing=false&version=1.2&query=(dc.language%20all%20%22fre%22)%20and%20(text%20adj%20%22liberté%22%20)%20%20and%20(dc.type%20all%20%22fascicule%22)%20and%20(ocr.quality%20all%20%22Texte%20disponible%22)%20and%20(gallicapublication_date%3E=%221905%22%20and%20gallicapublication_date%3C=%221905%22)&suggest=10&keywords=liberté","Année","Presse","Français","Gallica","N-gramme"
"1906",152977,867772747,0.000176286937483184,"liberté","https://gallica.bnf.fr/services/engine/search/sru?operation=searchRetrieve&exactSearch=true&maximumRecords=20&startRecord=0&collapsing=false&version=1.2&query=(dc.language%20all%20%22fre%22)%20and%20(text%20adj%20%22liberté%22%20)%20%20and%20(dc.type%20all%20%22fascicule%22)%20and%20(ocr.quality%20all%20%22Texte%20disponible%22)%20and%20(gallicapublication_date%3E=%221906%22%20and%20gallicapublication_date%3C=%221906%22)&suggest=10&keywords=liberté","Année","Presse","Français","Gallica","N-gramme"
"1907",129024,866450666,0.000148910959461366,"liberté","https://gallica.bnf.fr/services/engine/search/sru?operation=searchRetrieve&exactSearch=true&maximumRecords=20&startRecord=0&collapsing=false&version=1.2&query=(dc.language%20all%20%22fre%22)%20and%20(text%20adj%20%22liberté%22%20)%20%20and%20(dc.type%20all%20%22fascicule%22)%20and%20(ocr.quality%20all%20%22Texte%20disponible%22)%20and%20(gallicapublication_date%3E=%221907%22%20and%20gallicapublication_date%3C=%221907%22)&suggest=10&keywords=liberté","Année","Presse","Français","Gallica","N-gramme"
"1908",115212,847949566,0.000135871288363865,"liberté","https://gallica.bnf.fr/services/engine/search/sru?operation=searchRetrieve&exactSearch=true&maximumRecords=20&startRecord=0&collapsing=false&version=1.2&query=(dc.language%20all%20%22fre%22)%20and%20(text%20adj%20%22liberté%22%20)%20%20and%20(dc.type%20all%20%22fascicule%22)%20and%20(ocr.quality%20all%20%22Texte%20disponible%22)%20and%20(gallicapublication_date%3E=%221908%22%20and%20gallicapublication_date%3C=%221908%22)&suggest=10&keywords=liberté","Année","Presse","Français","Gallica","N-gramme"
"1909",116524,821652348,0.000141816670132609,"liberté","https://gallica.bnf.fr/services/engine/search/sru?operation=searchRetrieve&exactSearch=true&maximumRecords=20&startRecord=0&collapsing=false&version=1.2&query=(dc.language%20all%20%22fre%22)%20and%20(text%20adj%20%22liberté%22%20)%20%20and%20(dc.type%20all%20%22fascicule%22)%20and%20(ocr.quality%20all%20%22Texte%20disponible%22)%20and%20(gallicapublication_date%3E=%221909%22%20and%20gallicapublication_date%3C=%221909%22)&suggest=10&keywords=liberté","Année","Presse","Français","Gallica","N-gramme"
"1910",132621,846945892,0.000156587334861292,"liberté","https://gallica.bnf.fr/services/engine/search/sru?operation=searchRetrieve&exactSearch=true&maximumRecords=20&startRecord=0&collapsing=false&version=1.2&query=(dc.language%20all%20%22fre%22)%20and%20(text%20adj%20%22liberté%22%20)%20%20and%20(dc.type%20all%20%22fascicule%22)%20and%20(ocr.quality%20all%20%22Texte%20disponible%22)%20and%20(gallicapublication_date%3E=%221910%22%20and%20gallicapublication_date%3C=%221910%22)&suggest=10&keywords=liberté","Année","Presse","Français","Gallica","N-gramme"
"1911",140132,911711884,0.000153702065816222,"liberté","https://gallica.bnf.fr/services/engine/search/sru?operation=searchRetrieve&exactSearch=true&maximumRecords=20&startRecord=0&collapsing=false&version=1.2&query=(dc.language%20all%20%22fre%22)%20and%20(text%20adj%20%22liberté%22%20)%20%20and%20(dc.type%20all%20%22fascicule%22)%20and%20(ocr.quality%20all%20%22Texte%20disponible%22)%20and%20(gallicapublication_date%3E=%221911%22%20and%20gallicapublication_date%3C=%221911%22)&suggest=10&keywords=liberté","Année","Presse","Français","Gallica","N-gramme"
"1912",113098,934482338,0.000121027434549544,"liberté","https://gallica.bnf.fr/services/engine/search/sru?operation=searchRetrieve&exactSearch=true&maximumRecords=20&startRecord=0&collapsing=false&version=1.2&query=(dc.language%20all%20%22fre%22)%20and%20(text%20adj%20%22liberté%22%20)%20%20and%20(dc.type%20all%20%22fascicule%22)%20and%20(ocr.quality%20all%20%22Texte%20disponible%22)%20and%20(gallicapublication_date%3E=%221912%22%20and%20gallicapublication_date%3C=%221912%22)&suggest=10&keywords=liberté","Année","Presse","Français","Gallica","N-gramme"
"1913",118077,993058735,0.000118902332599693,"liberté","https://gallica.bnf.fr/services/engine/search/sru?operation=searchRetrieve&exactSearch=true&maximumRecords=20&startRecord=0&collapsing=false&version=1.2&query=(dc.language%20all%20%22fre%22)%20and%20(text%20adj%20%22liberté%22%20)%20%20and%20(dc.type%20all%20%22fascicule%22)%20and%20(ocr.quality%20all%20%22Texte%20disponible%22)%20and%20(gallicapublication_date%3E=%221913%22%20and%20gallicapublication_date%3C=%221913%22)&suggest=10&keywords=liberté","Année","Presse","Français","Gallica","N-gramme"
"1914",92624,724314167,0.000127878211168552,"liberté","https://gallica.bnf.fr/services/engine/search/sru?operation=searchRetrieve&exactSearch=true&maximumRecords=20&startRecord=0&collapsing=false&version=1.2&query=(dc.language%20all%20%22fre%22)%20and%20(text%20adj%20%22liberté%22%20)%20%20and%20(dc.type%20all%20%22fascicule%22)%20and%20(ocr.quality%20all%20%22Texte%20disponible%22)%20and%20(gallicapublication_date%3E=%221914%22%20and%20gallicapublication_date%3C=%221914%22)&suggest=10&keywords=liberté","Année","Presse","Français","Gallica","N-gramme"
"1915",57991,452671206,0.000128108435507603,"liberté","https://gallica.bnf.fr/services/engine/search/sru?operation=searchRetrieve&exactSearch=true&maximumRecords=20&startRecord=0&collapsing=false&version=1.2&query=(dc.language%20all%20%22fre%22)%20and%20(text%20adj%20%22liberté%22%20)%20%20and%20(dc.type%20all%20%22fascicule%22)%20and%20(ocr.quality%20all%20%22Texte%20disponible%22)%20and%20(gallicapublication_date%3E=%221915%22%20and%20gallicapublication_date%3C=%221915%22)&suggest=10&keywords=liberté","Année","Presse","Français","Gallica","N-gramme"
"1916",64423,496697716,0.000129702629838548,"liberté","https://gallica.bnf.fr/services/engine/search/sru?operation=searchRetrieve&exactSearch=true&maximumRecords=20&startRecord=0&collapsing=false&version=1.2&query=(dc.language%20all%20%22fre%22)%20and%20(text%20adj%20%22liberté%22%20)%20%20and%20(dc.type%20all%20%22fascicule%22)%20and%20(ocr.quality%20all%20%22Texte%20disponible%22)%20and%20(gallicapublication_date%3E=%221916%22%20and%20gallicapublication_date%3C=%221916%22)&suggest=10&keywords=liberté","Année","Presse","Français","Gallica","N-gramme"
"1917",89069,470252704,0.000189406672715273,"liberté","https://gallica.bnf.fr/services/engine/search/sru?operation=searchRetrieve&exactSearch=true&maximumRecords=20&startRecord=0&collapsing=false&version=1.2&query=(dc.language%20all%20%22fre%22)%20and%20(text%20adj%20%22liberté%22%20)%20%20and%20(dc.type%20all%20%22fascicule%22)%20and%20(ocr.quality%20all%20%22Texte%20disponible%22)%20and%20(gallicapublication_date%3E=%221917%22%20and%20gallicapublication_date%3C=%221917%22)&suggest=10&keywords=liberté","Année","Presse","Français","Gallica","N-gramme"
"1918",80155,471902546,0.000169854985270624,"liberté","https://gallica.bnf.fr/services/engine/search/sru?operation=searchRetrieve&exactSearch=true&maximumRecords=20&startRecord=0&collapsing=false&version=1.2&query=(dc.language%20all%20%22fre%22)%20and%20(text%20adj%20%22liberté%22%20)%20%20and%20(dc.type%20all%20%22fascicule%22)%20and%20(ocr.quality%20all%20%22Texte%20disponible%22)%20and%20(gallicapublication_date%3E=%221918%22%20and%20gallicapublication_date%3C=%221918%22)&suggest=10&keywords=liberté","Année","Presse","Français","Gallica","N-gramme"
"1919",97484,605608672,0.000160968632893024,"liberté","https://gallica.bnf.fr/services/engine/search/sru?operation=searchRetrieve&exactSearch=true&maximumRecords=20&startRecord=0&collapsing=false&version=1.2&query=(dc.language%20all%20%22fre%22)%20and%20(text%20adj%20%22liberté%22%20)%20%20and%20(dc.type%20all%20%22fascicule%22)%20and%20(ocr.quality%20all%20%22Texte%20disponible%22)%20and%20(gallicapublication_date%3E=%221919%22%20and%20gallicapublication_date%3C=%221919%22)&suggest=10&keywords=liberté","Année","Presse","Français","Gallica","N-gramme"
"1920",93083,663596910,0.000140270393965517,"liberté","https://gallica.bnf.fr/services/engine/search/sru?operation=searchRetrieve&exactSearch=true&maximumRecords=20&startRecord=0&collapsing=false&version=1.2&query=(dc.language%20all%20%22fre%22)%20and%20(text%20adj%20%22liberté%22%20)%20%20and%20(dc.type%20all%20%22fascicule%22)%20and%20(ocr.quality%20all%20%22Texte%20disponible%22)%20and%20(gallicapublication_date%3E=%221920%22%20and%20gallicapublication_date%3C=%221920%22)&suggest=10&keywords=liberté","Année","Presse","Français","Gallica","N-gramme"
"1921",98104,750449498,0.000130726984642476,"liberté","https://gallica.bnf.fr/services/engine/search/sru?operation=searchRetrieve&exactSearch=true&maximumRecords=20&startRecord=0&collapsing=false&version=1.2&query=(dc.language%20all%20%22fre%22)%20and%20(text%20adj%20%22liberté%22%20)%20%20and%20(dc.type%20all%20%22fascicule%22)%20and%20(ocr.quality%20all%20%22Texte%20disponible%22)%20and%20(gallicapublication_date%3E=%221921%22%20and%20gallicapublication_date%3C=%221921%22)&suggest=10&keywords=liberté","Année","Presse","Français","Gallica","N-gramme"
"1922",102370,809692298,0.000126430744435709,"liberté","https://gallica.bnf.fr/services/engine/search/sru?operation=searchRetrieve&exactSearch=true&maximumRecords=20&startRecord=0&collapsing=false&version=1.2&query=(dc.language%20all%20%22fre%22)%20and%20(text%20adj%20%22liberté%22%20)%20%20and%20(dc.type%20all%20%22fascicule%22)%20and%20(ocr.quality%20all%20%22Texte%20disponible%22)%20and%20(gallicapublication_date%3E=%221922%22%20and%20gallicapublication_date%3C=%221922%22)&suggest=10&keywords=liberté","Année","Presse","Français","Gallica","N-gramme"
"1923",96031,888029815,0.000108139387189382,"liberté","https://gallica.bnf.fr/services/engine/search/sru?operation=searchRetrieve&exactSearch=true&maximumRecords=20&startRecord=0&collapsing=false&version=1.2&query=(dc.language%20all%20%22fre%22)%20and%20(text%20adj%20%22liberté%22%20)%20%20and%20(dc.type%20all%20%22fascicule%22)%20and%20(ocr.quality%20all%20%22Texte%20disponible%22)%20and%20(gallicapublication_date%3E=%221923%22%20and%20gallicapublication_date%3C=%221923%22)&suggest=10&keywords=liberté","Année","Presse","Français","Gallica","N-gramme"
"1924",98612,881598773,0.000111855872558026,"liberté","https://gallica.bnf.fr/services/engine/search/sru?operation=searchRetrieve&exactSearch=true&maximumRecords=20&startRecord=0&collapsing=false&version=1.2&query=(dc.language%20all%20%22fre%22)%20and%20(text%20adj%20%22liberté%22%20)%20%20and%20(dc.type%20all%20%22fascicule%22)%20and%20(ocr.quality%20all%20%22Texte%20disponible%22)%20and%20(gallicapublication_date%3E=%221924%22%20and%20gallicapublication_date%3C=%221924%22)&suggest=10&keywords=liberté","Année","Presse","Français","Gallica","N-gramme"
"1925",97983,877331121,0.000111683032386127,"liberté","https://gallica.bnf.fr/services/engine/search/sru?operation=searchRetrieve&exactSearch=true&maximumRecords=20&startRecord=0&collapsing=false&version=1.2&query=(dc.language%20all%20%22fre%22)%20and%20(text%20adj%20%22liberté%22%20)%20%20and%20(dc.type%20all%20%22fascicule%22)%20and%20(ocr.quality%20all%20%22Texte%20disponible%22)%20and%20(gallicapublication_date%3E=%221925%22%20and%20gallicapublication_date%3C=%221925%22)&suggest=10&keywords=liberté","Année","Presse","Français","Gallica","N-gramme"
"1926",88401,865126988,0.000102182686734077,"liberté","https://gallica.bnf.fr/services/engine/search/sru?operation=searchRetrieve&exactSearch=true&maximumRecords=20&startRecord=0&collapsing=false&version=1.2&query=(dc.language%20all%20%22fre%22)%20and%20(text%20adj%20%22liberté%22%20)%20%20and%20(dc.type%20all%20%22fascicule%22)%20and%20(ocr.quality%20all%20%22Texte%20disponible%22)%20and%20(gallicapublication_date%3E=%221926%22%20and%20gallicapublication_date%3C=%221926%22)&suggest=10&keywords=liberté","Année","Presse","Français","Gallica","N-gramme"
"1927",95613,873822889,0.00010941919833368,"liberté","https://gallica.bnf.fr/services/engine/search/sru?operation=searchRetrieve&exactSearch=true&maximumRecords=20&startRecord=0&collapsing=false&version=1.2&query=(dc.language%20all%20%22fre%22)%20and%20(text%20adj%20%22liberté%22%20)%20%20and%20(dc.type%20all%20%22fascicule%22)%20and%20(ocr.quality%20all%20%22Texte%20disponible%22)%20and%20(gallicapublication_date%3E=%221927%22%20and%20gallicapublication_date%3C=%221927%22)&suggest=10&keywords=liberté","Année","Presse","Français","Gallica","N-gramme"
"1928",96871,934050495,0.000103710667162593,"liberté","https://gallica.bnf.fr/services/engine/search/sru?operation=searchRetrieve&exactSearch=true&maximumRecords=20&startRecord=0&collapsing=false&version=1.2&query=(dc.language%20all%20%22fre%22)%20and%20(text%20adj%20%22liberté%22%20)%20%20and%20(dc.type%20all%20%22fascicule%22)%20and%20(ocr.quality%20all%20%22Texte%20disponible%22)%20and%20(gallicapublication_date%3E=%221928%22%20and%20gallicapublication_date%3C=%221928%22)&suggest=10&keywords=liberté","Année","Presse","Français","Gallica","N-gramme"
"1929",94778,917336361,0.000103318699693405,"liberté","https://gallica.bnf.fr/services/engine/search/sru?operation=searchRetrieve&exactSearch=true&maximumRecords=20&startRecord=0&collapsing=false&version=1.2&query=(dc.language%20all%20%22fre%22)%20and%20(text%20adj%20%22liberté%22%20)%20%20and%20(dc.type%20all%20%22fascicule%22)%20and%20(ocr.quality%20all%20%22Texte%20disponible%22)%20and%20(gallicapublication_date%3E=%221929%22%20and%20gallicapublication_date%3C=%221929%22)&suggest=10&keywords=liberté","Année","Presse","Français","Gallica","N-gramme"
"1930",91372,918104557,9.95224338048896e-05,"liberté","https://gallica.bnf.fr/services/engine/search/sru?operation=searchRetrieve&exactSearch=true&maximumRecords=20&startRecord=0&collapsing=false&version=1.2&query=(dc.language%20all%20%22fre%22)%20and%20(text%20adj%20%22liberté%22%20)%20%20and%20(dc.type%20all%20%22fascicule%22)%20and%20(ocr.quality%20all%20%22Texte%20disponible%22)%20and%20(gallicapublication_date%3E=%221930%22%20and%20gallicapublication_date%3C=%221930%22)&suggest=10&keywords=liberté","Année","Presse","Français","Gallica","N-gramme"
"1931",85433,928441169,9.20176774280892e-05,"liberté","https://gallica.bnf.fr/services/engine/search/sru?operation=searchRetrieve&exactSearch=true&maximumRecords=20&startRecord=0&collapsing=false&version=1.2&query=(dc.language%20all%20%22fre%22)%20and%20(text%20adj%20%22liberté%22%20)%20%20and%20(dc.type%20all%20%22fascicule%22)%20and%20(ocr.quality%20all%20%22Texte%20disponible%22)%20and%20(gallicapublication_date%3E=%221931%22%20and%20gallicapublication_date%3C=%221931%22)&suggest=10&keywords=liberté","Année","Presse","Français","Gallica","N-gramme"
"1932",86149,937021225,9.19392194130928e-05,"liberté","https://gallica.bnf.fr/services/engine/search/sru?operation=searchRetrieve&exactSearch=true&maximumRecords=20&startRecord=0&collapsing=false&version=1.2&query=(dc.language%20all%20%22fre%22)%20and%20(text%20adj%20%22liberté%22%20)%20%20and%20(dc.type%20all%20%22fascicule%22)%20and%20(ocr.quality%20all%20%22Texte%20disponible%22)%20and%20(gallicapublication_date%3E=%221932%22%20and%20gallicapublication_date%3C=%221932%22)&suggest=10&keywords=liberté","Année","Presse","Français","Gallica","N-gramme"
"1933",99127,951591712,0.000104169675660227,"liberté","https://gallica.bnf.fr/services/engine/search/sru?operation=searchRetrieve&exactSearch=true&maximumRecords=20&startRecord=0&collapsing=false&version=1.2&query=(dc.language%20all%20%22fre%22)%20and%20(text%20adj%20%22liberté%22%20)%20%20and%20(dc.type%20all%20%22fascicule%22)%20and%20(ocr.quality%20all%20%22Texte%20disponible%22)%20and%20(gallicapublication_date%3E=%221933%22%20and%20gallicapublication_date%3C=%221933%22)&suggest=10&keywords=liberté","Année","Presse","Français","Gallica","N-gramme"
"1934",130127,1018356803,0.000127781343058401,"liberté","https://gallica.bnf.fr/services/engine/search/sru?operation=searchRetrieve&exactSearch=true&maximumRecords=20&startRecord=0&collapsing=false&version=1.2&query=(dc.language%20all%20%22fre%22)%20and%20(text%20adj%20%22liberté%22%20)%20%20and%20(dc.type%20all%20%22fascicule%22)%20and%20(ocr.quality%20all%20%22Texte%20disponible%22)%20and%20(gallicapublication_date%3E=%221934%22%20and%20gallicapublication_date%3C=%221934%22)&suggest=10&keywords=liberté","Année","Presse","Français","Gallica","N-gramme"
"1935",112402,1004719358,0.00011187402641843,"liberté","https://gallica.bnf.fr/services/engine/search/sru?operation=searchRetrieve&exactSearch=true&maximumRecords=20&startRecord=0&collapsing=false&version=1.2&query=(dc.language%20all%20%22fre%22)%20and%20(text%20adj%20%22liberté%22%20)%20%20and%20(dc.type%20all%20%22fascicule%22)%20and%20(ocr.quality%20all%20%22Texte%20disponible%22)%20and%20(gallicapublication_date%3E=%221935%22%20and%20gallicapublication_date%3C=%221935%22)&suggest=10&keywords=liberté","Année","Presse","Français","Gallica","N-gramme"
"1936",144191,984233355,0.000146500826524011,"liberté","https://gallica.bnf.fr/services/engine/search/sru?operation=searchRetrieve&exactSearch=true&maximumRecords=20&startRecord=0&collapsing=false&version=1.2&query=(dc.language%20all%20%22fre%22)%20and%20(text%20adj%20%22liberté%22%20)%20%20and%20(dc.type%20all%20%22fascicule%22)%20and%20(ocr.quality%20all%20%22Texte%20disponible%22)%20and%20(gallicapublication_date%3E=%221936%22%20and%20gallicapublication_date%3C=%221936%22)&suggest=10&keywords=liberté","Année","Presse","Français","Gallica","N-gramme"
"1937",147511,912004234,0.000161743766641329,"liberté","https://gallica.bnf.fr/services/engine/search/sru?operation=searchRetrieve&exactSearch=true&maximumRecords=20&startRecord=0&collapsing=false&version=1.2&query=(dc.language%20all%20%22fre%22)%20and%20(text%20adj%20%22liberté%22%20)%20%20and%20(dc.type%20all%20%22fascicule%22)%20and%20(ocr.quality%20all%20%22Texte%20disponible%22)%20and%20(gallicapublication_date%3E=%221937%22%20and%20gallicapublication_date%3C=%221937%22)&suggest=10&keywords=liberté","Année","Presse","Français","Gallica","N-gramme"
"1938",122799,846061481,0.000145141934431122,"liberté","https://gallica.bnf.fr/services/engine/search/sru?operation=searchRetrieve&exactSearch=true&maximumRecords=20&startRecord=0&collapsing=false&version=1.2&query=(dc.language%20all%20%22fre%22)%20and%20(text%20adj%20%22liberté%22%20)%20%20and%20(dc.type%20all%20%22fascicule%22)%20and%20(ocr.quality%20all%20%22Texte%20disponible%22)%20and%20(gallicapublication_date%3E=%221938%22%20and%20gallicapublication_date%3C=%221938%22)&suggest=10&keywords=liberté","Année","Presse","Français","Gallica","N-gramme"
"1939",94633,646668841,0.000146339198674952,"liberté","https://gallica.bnf.fr/services/engine/search/sru?operation=searchRetrieve&exactSearch=true&maximumRecords=20&startRecord=0&collapsing=false&version=1.2&query=(dc.language%20all%20%22fre%22)%20and%20(text%20adj%20%22liberté%22%20)%20%20and%20(dc.type%20all%20%22fascicule%22)%20and%20(ocr.quality%20all%20%22Texte%20disponible%22)%20and%20(gallicapublication_date%3E=%221939%22%20and%20gallicapublication_date%3C=%221939%22)&suggest=10&keywords=liberté","Année","Presse","Français","Gallica","N-gramme"
"1940",33739,274546674,0.000122889851508454,"liberté","https://gallica.bnf.fr/services/engine/search/sru?operation=searchRetrieve&exactSearch=true&maximumRecords=20&startRecord=0&collapsing=false&version=1.2&query=(dc.language%20all%20%22fre%22)%20and%20(text%20adj%20%22liberté%22%20)%20%20and%20(dc.type%20all%20%22fascicule%22)%20and%20(ocr.quality%20all%20%22Texte%20disponible%22)%20and%20(gallicapublication_date%3E=%221940%22%20and%20gallicapublication_date%3C=%221940%22)&suggest=10&keywords=liberté","Année","Presse","Français","Gallica","N-gramme"
"1941",24468,280094918,8.73561011913826e-05,"liberté","https://gallica.bnf.fr/services/engine/search/sru?operation=searchRetrieve&exactSearch=true&maximumRecords=20&startRecord=0&collapsing=false&version=1.2&query=(dc.language%20all%20%22fre%22)%20and%20(text%20adj%20%22liberté%22%20)%20%20and%20(dc.type%20all%20%22fascicule%22)%20and%20(ocr.quality%20all%20%22Texte%20disponible%22)%20and%20(gallicapublication_date%3E=%221941%22%20and%20gallicapublication_date%3C=%221941%22)&suggest=10&keywords=liberté","Année","Presse","Français","Gallica","N-gramme"
"1942",21178,231549861,9.14619421861799e-05,"liberté","https://gallica.bnf.fr/services/engine/search/sru?operation=searchRetrieve&exactSearch=true&maximumRecords=20&startRecord=0&collapsing=false&version=1.2&query=(dc.language%20all%20%22fre%22)%20and%20(text%20adj%20%22liberté%22%20)%20%20and%20(dc.type%20all%20%22fascicule%22)%20and%20(ocr.quality%20all%20%22Texte%20disponible%22)%20and%20(gallicapublication_date%3E=%221942%22%20and%20gallicapublication_date%3C=%221942%22)&suggest=10&keywords=liberté","Année","Presse","Français","Gallica","N-gramme"
"1943",21912,204428947,0.000107186385888883,"liberté","https://gallica.bnf.fr/services/engine/search/sru?operation=searchRetrieve&exactSearch=true&maximumRecords=20&startRecord=0&collapsing=false&version=1.2&query=(dc.language%20all%20%22fre%22)%20and%20(text%20adj%20%22liberté%22%20)%20%20and%20(dc.type%20all%20%22fascicule%22)%20and%20(ocr.quality%20all%20%22Texte%20disponible%22)%20and%20(gallicapublication_date%3E=%221943%22%20and%20gallicapublication_date%3C=%221943%22)&suggest=10&keywords=liberté","Année","Presse","Français","Gallica","N-gramme"
"1944",18540,133923079,0.000138437677347606,"liberté","https://gallica.bnf.fr/services/engine/search/sru?operation=searchRetrieve&exactSearch=true&maximumRecords=20&startRecord=0&collapsing=false&version=1.2&query=(dc.language%20all%20%22fre%22)%20and%20(text%20adj%20%22liberté%22%20)%20%20and%20(dc.type%20all%20%22fascicule%22)%20and%20(ocr.quality%20all%20%22Texte%20disponible%22)%20and%20(gallicapublication_date%3E=%221944%22%20and%20gallicapublication_date%3C=%221944%22)&suggest=10&keywords=liberté","Année","Presse","Français","Gallica","N-gramme"
"1945",21369,101354679,0.000210833877733459,"liberté","https://gallica.bnf.fr/services/engine/search/sru?operation=searchRetrieve&exactSearch=true&maximumRecords=20&startRecord=0&collapsing=false&version=1.2&query=(dc.language%20all%20%22fre%22)%20and%20(text%20adj%20%22liberté%22%20)%20%20and%20(dc.type%20all%20%22fascicule%22)%20and%20(ocr.quality%20all%20%22Texte%20disponible%22)%20and%20(gallicapublication_date%3E=%221945%22%20and%20gallicapublication_date%3C=%221945%22)&suggest=10&keywords=liberté","Année","Presse","Français","Gallica","N-gramme"
"1946",31163,143189790,0.000217634232161385,"liberté","https://gallica.bnf.fr/services/engine/search/sru?operation=searchRetrieve&exactSearch=true&maximumRecords=20&startRecord=0&collapsing=false&version=1.2&query=(dc.language%20all%20%22fre%22)%20and%20(text%20adj%20%22liberté%22%20)%20%20and%20(dc.type%20all%20%22fascicule%22)%20and%20(ocr.quality%20all%20%22Texte%20disponible%22)%20and%20(gallicapublication_date%3E=%221946%22%20and%20gallicapublication_date%3C=%221946%22)&suggest=10&keywords=liberté","Année","Presse","Français","Gallica","N-gramme"
"1947",27536,153571716,0.000179303850456421,"liberté","https://gallica.bnf.fr/services/engine/search/sru?operation=searchRetrieve&exactSearch=true&maximumRecords=20&startRecord=0&collapsing=false&version=1.2&query=(dc.language%20all%20%22fre%22)%20and%20(text%20adj%20%22liberté%22%20)%20%20and%20(dc.type%20all%20%22fascicule%22)%20and%20(ocr.quality%20all%20%22Texte%20disponible%22)%20and%20(gallicapublication_date%3E=%221947%22%20and%20gallicapublication_date%3C=%221947%22)&suggest=10&keywords=liberté","Année","Presse","Français","Gallica","N-gramme"
"1948",27269,147836802,0.000184453394764316,"liberté","https://gallica.bnf.fr/services/engine/search/sru?operation=searchRetrieve&exactSearch=true&maximumRecords=20&startRecord=0&collapsing=false&version=1.2&query=(dc.language%20all%20%22fre%22)%20and%20(text%20adj%20%22liberté%22%20)%20%20and%20(dc.type%20all%20%22fascicule%22)%20and%20(ocr.quality%20all%20%22Texte%20disponible%22)%20and%20(gallicapublication_date%3E=%221948%22%20and%20gallicapublication_date%3C=%221948%22)&suggest=10&keywords=liberté","Année","Presse","Français","Gallica","N-gramme"
"1949",24030,140284268,0.000171295045001055,"liberté","https://gallica.bnf.fr/services/engine/search/sru?operation=searchRetrieve&exactSearch=true&maximumRecords=20&startRecord=0&collapsing=false&version=1.2&query=(dc.language%20all%20%22fre%22)%20and%20(text%20adj%20%22liberté%22%20)%20%20and%20(dc.type%20all%20%22fascicule%22)%20and%20(ocr.quality%20all%20%22Texte%20disponible%22)%20and%20(gallicapublication_date%3E=%221949%22%20and%20gallicapublication_date%3C=%221949%22)&suggest=10&keywords=liberté","Année","Presse","Français","Gallica","N-gramme"
"1950",19714,134346484,0.000146739977206996,"liberté","https://gallica.bnf.fr/services/engine/search/sru?operation=searchRetrieve&exactSearch=true&maximumRecords=20&startRecord=0&collapsing=false&version=1.2&query=(dc.language%20all%20%22fre%22)%20and%20(text%20adj%20%22liberté%22%20)%20%20and%20(dc.type%20all%20%22fascicule%22)%20and%20(ocr.quality%20all%20%22Texte%20disponible%22)%20and%20(gallicapublication_date%3E=%221950%22%20and%20gallicapublication_date%3C=%221950%22)&suggest=10&keywords=liberté","Année","Presse","Français","Gallica","N-gramme"
